target_level,market,instrument,session_date,signal,original_signal,direction,signal_time,entry_time,pine_entry_price,entry_price,stop_price,target_price,tp1,tp2,tp3,tp4,tp5,atr,risk_per_unit_reference,ema_fast,ema_slow,vwap,rsi,macd,macd_signal,adx,volume,volume_sma,bull_score_pct,bear_score_pct,bias,quantity,notional,position_risk_amount,slippage_points,max_target_hit,holding_candles,exit_time,exit_price,exit_reason,gross_pnl,costs,net_pnl,return_pct_on_notional,r_multiple
4,derivatives,CNXAUTO_data_15m,2026-04-02,BUY,BUY,LONG,2026-04-02T12:30:00+05:30,2026-04-02T12:45:00+05:30,23781.699219,23788.75,23630.509975,24386.456194,23932.888463,24084.077706,24235.26695,24386.456194,24537.645438,100.792829,151.189244,23684.543974,23674.279817,23655.978562,,2.768461,-10.481008,,0.0,,42.86,0.0,STRONG BULL,42,999127.5,6856.08,5.0,2,11,2026-04-02T15:15:00+05:30,24065.699219,SESSION_END,11631.87,618.34,11013.53,1.1023,1.6064
4,derivatives,CNXAUTO_data_15m,2026-04-07,SELL,SELL,SHORT,2026-04-07T09:45:00+05:30,2026-04-07T10:00:00+05:30,24027.550781,24022.550781,24195.834823,23354.414614,23859.26674,23690.982698,23522.698656,23354.414614,23186.130573,112.189361,168.284042,24155.567963,24162.184368,24011.244575,42.8439,22.904707,63.138814,30.4737,0.0,0.0,14.29,71.43,STRONG BEAR,41,984924.58,7309.65,5.0,0,8,2026-04-07T11:45:00+05:30,24200.834823,STOP_LOSS,-7309.65,608.04,-7917.69,-0.8039,-1.0832
4,derivatives,CNXAUTO_data_15m,2026-04-07,BUY,BUY,LONG,2026-04-07T12:30:00+05:30,2026-04-07T12:45:00+05:30,24169.0,24174.199219,24021.117239,24760.531044,24316.882761,24464.765522,24612.648283,24760.531044,24908.413805,98.588507,147.882761,24143.111449,24141.39202,24090.570219,52.2973,6.158639,6.874486,19.2405,0.0,0.0,57.14,14.29,STRONG BULL,41,991142.17,6481.36,5.0,1,11,2026-04-07T15:15:00+05:30,24405.25,SESSION_END,9473.08,612.69,8860.39,0.894,1.3671
4,derivatives,CNXAUTO_data_15m,2026-04-09,SELL,SELL,SHORT,2026-04-09T14:00:00+05:30,2026-04-09T14:15:00+05:30,25825.449219,25820.650391,25960.035596,25287.103711,25690.862842,25556.276465,25421.690088,25287.103711,25152.517334,89.724251,134.586377,25918.669984,25920.939024,25926.61582,45.1368,34.122217,72.187038,23.0748,0.0,0.0,0.0,71.43,STRONG BEAR,38,981184.71,5486.64,5.0,0,5,2026-04-09T15:15:00+05:30,25851.199219,SESSION_END,-1160.86,602.71,-1763.57,-0.1797,-0.3214
4,derivatives,CNXAUTO_data_15m,2026-04-10,BUY,BUY,LONG,2026-04-10T09:15:00+05:30,2026-04-10T09:30:00+05:30,26260.050781,26264.400391,26088.601984,26945.845969,26431.499578,26602.948375,26774.397172,26945.845969,27117.294766,114.299198,171.448797,25950.976996,25926.558202,26198.716797,68.5905,34.404331,30.934149,22.3427,0.0,0.0,71.43,0.0,STRONG BULL,38,998047.21,6870.34,5.0,2,24,2026-04-10T15:15:00+05:30,26636.650391,SESSION_END,14145.5,619.04,13526.46,1.3553,1.9688
4,derivatives,CNXAUTO_data_15m,2026-04-13,SELL,SELL,SHORT,2026-04-13T09:30:00+05:30,2026-04-13T09:45:00+05:30,26044.599609,26041.349609,26241.324608,25257.699613,25847.87461,25651.149611,25454.424612,25257.699613,25060.974614,131.149999,196.724999,26402.031854,26418.764278,26060.25,32.8054,33.655782,103.752984,31.7224,0.0,0.0,0.0,85.71,STRONG BEAR,38,989571.29,7789.05,5.0,0,23,2026-04-13T15:15:00+05:30,26059.550781,SESSION_END,-691.64,607.21,-1298.85,-0.1313,-0.1668
4,derivatives,CNXAUTO_data_15m,2026-04-15,BUY,BUY,LONG,2026-04-15T09:30:00+05:30,2026-04-15T09:45:00+05:30,26441.099609,26444.849609,26258.780905,27170.374428,26623.418314,26805.737019,26988.055723,27170.374428,27352.693132,121.545803,182.318705,26223.652671,26202.284614,26433.166667,63.8129,1.039798,-34.04213,31.0603,0.0,0.0,85.71,0.0,STRONG BULL,37,978459.44,7069.54,5.0,1,23,2026-04-15T15:15:00+05:30,26465.5,SESSION_END,764.06,600.97,163.09,0.0167,0.0231
4,derivatives,CNXAUTO_data_15m,2026-04-16,SELL,SELL,SHORT,2026-04-16T09:45:00+05:30,2026-04-16T10:00:00+05:30,26342.650391,26337.099609,26466.478871,25847.336468,26218.82191,26094.993429,25971.164949,25847.336468,25723.507987,82.55232,123.828481,26469.573733,26471.829394,26501.916667,40.1293,14.958435,37.395746,21.6103,0.0,0.0,0.0,71.43,STRONG BEAR,37,974472.69,4972.03,5.0,0,22,2026-04-16T15:15:00+05:30,26397.150391,SESSION_END,-2221.88,599.47,-2821.35,-0.2895,-0.5674
4,derivatives,CNXAUTO_data_15m,2026-04-17,BUY,BUY,LONG,2026-04-17T09:15:00+05:30,2026-04-17T09:30:00+05:30,26476.300781,26478.550781,26358.790262,26946.342858,26593.8113,26711.32182,26828.832339,26946.342858,27063.853377,78.340346,117.510519,26389.7053,26384.641081,26394.866536,59.6336,-4.372249,-20.252429,14.2182,0.0,0.0,71.43,0.0,STRONG BULL,37,979706.38,4616.14,5.0,0,13,2026-04-17T12:30:00+05:30,26353.790262,STOP_LOSS,-4616.14,598.86,-5215.0,-0.5323,-1.1297
4,derivatives,CNXAUTO_data_15m,2026-04-17,SELL,SELL,SHORT,2026-04-17T13:00:00+05:30,2026-04-17T13:15:00+05:30,26403.099609,26398.949219,26501.605828,26009.074736,26304.593391,26206.087173,26107.580954,26009.074736,25910.568517,65.670812,98.506218,26433.911649,26438.082634,26462.903076,45.6237,2.893126,14.673382,22.9016,0.0,0.0,0.0,71.43,STRONG BEAR,37,976761.12,3983.29,5.0,0,8,2026-04-17T15:00:00+05:30,26470.449219,OPPOSITE_SIGNAL,-2645.5,600.99,-3246.49,-0.3324,-0.815
4,derivatives,CNXAUTO_data_15m,2026-04-17,BUY,BUY,LONG,2026-04-17T14:45:00+05:30,2026-04-17T15:00:00+05:30,26465.199219,26470.449219,26381.856848,26798.5687,26548.541589,26631.883959,26715.22633,26798.5687,26881.91107,55.56158,83.34237,26437.309921,26436.198548,26452.847798,55.2212,2.218944,2.827567,23.4686,0.0,0.0,57.14,14.29,STRONG BULL,37,979406.62,3462.92,5.0,0,2,2026-04-17T15:15:00+05:30,26428.25,SESSION_END,-1561.37,600.29,-2161.66,-0.2207,-0.6242
4,derivatives,CNXAUTO_data_15m,2026-04-22,SELL,SELL,SHORT,2026-04-22T09:15:00+05:30,2026-04-22T09:30:00+05:30,26594.449219,26586.800781,26672.172201,26283.557292,26516.726237,26439.003255,26361.280273,26283.557292,26205.83431,51.815321,77.722982,26645.040816,26646.790895,26596.233073,43.1706,13.892898,34.141046,25.4102,0.0,0.0,0.0,85.71,STRONG BEAR,37,983711.63,3343.74,5.0,0,1,2026-04-22T09:30:00+05:30,26677.172201,STOP_LOSS,-3343.74,605.28,-3949.02,-0.4014,-1.181
4,derivatives,CNXAUTO_data_15m,2026-04-22,BUY,BUY,LONG,2026-04-22T12:00:00+05:30,2026-04-22T12:15:00+05:30,26671.25,26675.849609,26588.930165,27000.529341,26753.569835,26835.889671,26918.209506,27000.529341,27082.849176,54.87989,82.319835,26625.593059,26625.260937,26603.765299,57.4963,1.308441,-0.787191,23.2462,0.0,0.0,71.43,0.0,STRONG BULL,37,987006.44,3401.02,5.0,0,8,2026-04-22T14:00:00+05:30,26583.930165,STOP_LOSS,-3401.02,603.62,-4004.64,-0.4057,-1.1775
4,derivatives,CNXAUTO_data_15m,2026-04-22,SELL,SELL,SHORT,2026-04-22T14:00:00+05:30,2026-04-22T14:15:00+05:30,26593.150391,26586.949219,26665.618399,26303.278358,26520.682383,26448.214375,26375.746366,26303.278358,26230.81035,48.312005,72.468008,26629.586418,26631.789942,26621.192448,43.9792,0.814358,4.326949,17.796,0.0,0.0,0.0,71.43,STRONG BEAR,37,983717.12,3095.76,5.0,2,5,2026-04-22T15:15:00+05:30,26467.699219,SESSION_END,4412.25,601.23,3811.02,0.3874,1.231
4,derivatives,CNXAUTO_data_15m,2026-04-27,BUY,BUY,LONG,2026-04-27T09:30:00+05:30,2026-04-27T09:45:00+05:30,25885.699219,25895.650391,25763.196001,26375.71209,26008.202437,26130.705654,26253.208872,26375.71209,26498.215308,81.668812,122.503218,25743.362525,25725.227786,25878.241536,61.4501,-11.143707,-50.26873,17.6545,0.0,0.0,71.43,0.0,STRONG BULL,38,984034.71,5223.27,5.0,1,23,2026-04-27T15:15:00+05:30,26071.300781,SESSION_END,6674.71,607.21,6067.5,0.6166,1.1616
4,derivatives,CNXAUTO_data_15m,2026-04-28,SELL,SELL,SHORT,2026-04-28T11:45:00+05:30,2026-04-28T12:00:00+05:30,25894.449219,25890.349609,25999.329454,25474.928278,25789.568984,25684.688748,25579.808513,25474.928278,25370.048043,69.920157,104.880235,26033.150134,26042.407288,26090.751361,37.4549,14.513694,48.641113,35.9325,0.0,0.0,0.0,85.71,STRONG BEAR,38,983833.29,4331.23,5.0,1,14,2026-04-28T15:15:00+05:30,25809.449219,SESSION_END,3074.21,602.0,2472.21,0.2513,0.5708
4,derivatives,CNXAUTO_data_15m,2026-04-29,BUY,BUY,LONG,2026-04-29T09:30:00+05:30,2026-04-29T09:45:00+05:30,26297.199219,26302.599609,26150.982642,26882.065524,26443.415795,26589.632371,26735.848948,26882.065524,27028.2821,97.477718,146.216576,26009.831916,25973.018133,26221.641602,71.2362,17.443208,-21.084662,33.0091,0.0,0.0,85.71,0.0,STRONG BULL,38,999498.79,5951.44,5.0,1,18,2026-04-29T14:00:00+05:30,26145.982642,STOP_LOSS,-5951.44,609.35,-6560.79,-0.6564,-1.1024
4,derivatives,CNXAUTO_data_15m,2026-04-29,SELL,SELL,SHORT,2026-04-29T14:15:00+05:30,2026-04-29T14:30:00+05:30,26088.300781,26084.150391,26196.937034,25653.755771,25979.664529,25871.028276,25762.392024,25653.755771,25545.119519,72.424168,108.636253,26234.04847,26237.581982,26324.91428,39.0619,25.678864,67.196635,29.3134,0.0,0.0,0.0,85.71,STRONG BEAR,38,991197.71,4475.89,5.0,0,4,2026-04-29T15:15:00+05:30,26083.25,SESSION_END,34.21,607.75,-573.54,-0.0579,-0.1281
4,derivatives,CNXFMCG_data_15m,2026-04-02,BUY,BUY,LONG,2026-04-02T12:30:00+05:30,2026-04-02T12:45:00+05:30,45865.148438,45876.398438,45618.82659,46850.435826,46111.470285,46357.792132,46604.113979,46850.435826,47096.757673,164.214565,246.321847,45613.145776,45579.609905,45573.065848,,25.290435,6.694175,,0.0,,42.86,0.0,STRONG BULL,21,963404.37,5514.01,5.0,1,11,2026-04-02T15:15:00+05:30,46233.449219,SESSION_END,7498.07,595.97,6902.1,0.7164,1.2517
4,derivatives,CNXFMCG_data_15m,2026-04-09,SELL,SELL,SHORT,2026-04-09T10:30:00+05:30,2026-04-09T10:45:00+05:30,47676.800781,47675.949219,47902.577172,46773.695219,47451.024391,47225.248,46999.471609,46773.695219,46547.918828,150.517594,225.776391,47692.159381,47693.944666,47664.560981,51.2088,48.614104,103.604028,30.8863,0.0,0.0,42.86,42.86,MILD BEAR,20,953518.98,4632.56,5.0,0,5,2026-04-09T11:45:00+05:30,47810.648438,OPPOSITE_SIGNAL,-2693.98,587.87,-3281.85,-0.3442,-0.7084
4,derivatives,CNXFMCG_data_15m,2026-04-09,BUY,BUY,LONG,2026-04-09T11:30:00+05:30,2026-04-09T11:45:00+05:30,47805.75,47810.648438,47603.411758,48615.102969,48008.088242,48210.426485,48412.764727,48615.102969,48817.441211,134.892162,202.338242,47714.001607,47702.461321,47678.398177,56.8509,41.461366,65.162252,27.3209,0.0,0.0,71.43,14.29,STRONG BULL,20,956212.97,4244.73,5.0,0,7,2026-04-09T13:15:00+05:30,47630.800781,OPPOSITE_SIGNAL,-3596.95,586.1,-4183.05,-0.4375,-0.9855
4,derivatives,CNXFMCG_data_15m,2026-04-09,SELL,SELL,SHORT,2026-04-09T13:00:00+05:30,2026-04-09T13:15:00+05:30,47635.550781,47630.800781,47817.034773,46909.614812,47454.066789,47272.582797,47091.098805,46909.614812,46728.13082,120.989328,181.483992,47716.19022,47717.587078,47711.041423,46.7938,23.28694,47.131647,23.3259,0.0,0.0,0.0,71.43,STRONG BEAR,20,952616.02,3824.68,5.0,0,9,2026-04-09T15:15:00+05:30,47626.25,SESSION_END,91.02,585.9,-494.88,-0.052,-0.1294
4,derivatives,CNXFMCG_data_15m,2026-04-10,BUY,BUY,LONG,2026-04-10T09:15:00+05:30,2026-04-10T09:30:00+05:30,47892.800781,47896.699219,47716.498308,48598.010676,48069.103255,48245.405728,48421.708202,48598.010676,48774.313149,117.534982,176.302474,47669.511349,47665.420436,47810.700521,62.7503,2.708843,-8.847799,16.8981,0.0,0.0,71.43,0.0,STRONG BULL,20,957933.98,3704.02,5.0,2,24,2026-04-10T15:15:00+05:30,48227.351562,SESSION_END,6613.05,592.41,6020.64,0.6285,1.6254
4,derivatives,CNXFMCG_data_15m,2026-04-13,SELL,SELL,SHORT,2026-04-13T09:30:00+05:30,2026-04-13T09:45:00+05:30,47479.050781,47474.148438,47713.736895,46540.306325,47244.364667,47009.678553,46774.992439,46540.306325,46305.620211,156.457409,234.686114,47914.06327,47963.321713,47505.966797,30.4239,-5.98946,63.291626,29.5725,0.0,0.0,0.0,85.71,STRONG BEAR,21,996957.12,5136.36,5.0,0,5,2026-04-13T10:45:00+05:30,47718.736895,STOP_LOSS,-5136.36,613.71,-5750.07,-0.5768,-1.1195
4,derivatives,CNXFMCG_data_15m,2026-04-15,BUY,BUY,LONG,2026-04-15T09:15:00+05:30,2026-04-15T09:30:00+05:30,48048.351562,48054.5,47818.61205,48967.309614,48278.091075,48507.830588,48737.570101,48967.309614,49197.049126,153.159675,229.739513,47697.377463,47696.044908,48134.334635,64.2372,-20.601639,-52.663015,34.0151,0.0,0.0,71.43,14.29,STRONG BULL,20,961090.0,4817.76,5.0,1,24,2026-04-15T15:15:00+05:30,48247.550781,SESSION_END,3861.02,592.76,3268.26,0.3401,0.6784
4,derivatives,CNXFMCG_data_15m,2026-04-16,SELL,SELL,SHORT,2026-04-16T10:15:00+05:30,2026-04-16T10:30:00+05:30,48209.800781,48208.351562,48375.812908,47545.752273,48043.788654,47877.776527,47711.7644,47545.752273,47379.740146,110.674751,166.012127,48241.574661,48245.362641,48238.379948,49.2449,27.764431,67.644896,25.3138,0.0,0.0,0.0,85.71,STRONG BEAR,20,964167.03,3449.23,5.0,0,2,2026-04-16T10:45:00+05:30,48312.449219,OPPOSITE_SIGNAL,-2081.95,593.57,-2675.52,-0.2775,-0.7757
4,derivatives,CNXFMCG_data_15m,2026-04-16,BUY,BUY,LONG,2026-04-16T10:30:00+05:30,2026-04-16T10:45:00+05:30,48309.449219,48312.449219,48142.319933,48977.96636,48476.578504,48643.70779,48810.837075,48977.96636,49145.095646,111.419524,167.129285,48255.149573,48251.188694,48245.597222,54.9419,30.148258,60.145568,25.2107,0.0,0.0,71.43,14.29,STRONG BULL,20,966248.98,3502.59,5.0,1,11,2026-04-16T13:15:00+05:30,48186.050781,OPPOSITE_SIGNAL,-2527.97,592.34,-3120.31,-0.3229,-0.8909
4,derivatives,CNXFMCG_data_15m,2026-04-16,SELL,SELL,SHORT,2026-04-16T13:00:00+05:30,2026-04-16T13:15:00+05:30,48191.050781,48186.050781,48336.685466,47608.512041,48045.416096,47899.781411,47754.146726,47608.512041,47462.877356,97.08979,145.634685,48261.811313,48270.050356,48280.164469,44.6563,8.699709,28.906152,20.3801,0.0,0.0,0.0,71.43,STRONG BEAR,20,963721.02,3112.69,5.0,0,6,2026-04-16T14:30:00+05:30,48341.685466,STOP_LOSS,-3112.69,593.86,-3706.55,-0.3846,-1.1908
4,derivatives,CNXFMCG_data_15m,2026-04-16,BUY,BUY,LONG,2026-04-16T14:30:00+05:30,2026-04-16T14:45:00+05:30,48362.050781,48367.398438,48217.167856,48941.582483,48506.933707,48651.816632,48796.699558,48941.582483,49086.465409,96.588617,144.882926,48269.183994,48266.246295,48269.0712,57.7822,7.725616,8.616889,18.0023,0.0,0.0,57.14,14.29,STRONG BULL,20,967347.97,3104.61,5.0,0,3,2026-04-16T15:15:00+05:30,48438.699219,SESSION_END,1426.02,595.03,830.99,0.0859,0.2677
4,derivatives,CNXFMCG_data_15m,2026-04-23,SELL,SELL,SHORT,2026-04-23T10:30:00+05:30,2026-04-23T10:45:00+05:30,50993.550781,50988.550781,51222.896153,50076.169293,50764.205409,50534.860037,50305.514665,50076.169293,49846.823921,152.896915,229.345372,51140.819138,51155.509089,51081.44987,44.8863,46.804102,116.530209,35.9774,0.0,0.0,0.0,85.71,STRONG BEAR,19,968782.46,4547.56,5.0,0,12,2026-04-23T13:30:00+05:30,51212.449219,OPPOSITE_SIGNAL,-4254.07,597.32,-4851.39,-0.5008,-1.0668
4,derivatives,CNXFMCG_data_15m,2026-04-23,BUY,BUY,LONG,2026-04-23T13:15:00+05:30,2026-04-23T13:30:00+05:30,51204.898438,51212.449219,51025.07116,51924.207549,51384.725715,51564.552993,51744.380271,51924.207549,52104.034827,119.884852,179.827278,51108.632974,51104.272634,51056.582261,57.3632,13.831612,11.514184,21.374,0.0,0.0,71.43,0.0,STRONG BULL,19,973036.54,3655.18,5.0,0,8,2026-04-23T15:15:00+05:30,51037.949219,SESSION_END,-3315.5,595.77,-3911.27,-0.402,-1.0701
4,derivatives,CNXFMCG_data_15m,2026-04-24,SELL,SELL,SHORT,2026-04-24T09:30:00+05:30,2026-04-24T09:45:00+05:30,51004.199219,50996.050781,51215.62114,50158.511532,50792.777297,50581.355376,50369.933454,50158.511532,49947.089611,140.947948,211.421922,51112.758181,51120.347488,51123.158203,44.4507,4.15332,16.722749,15.1754,0.0,0.0,0.0,71.43,STRONG BEAR,19,968924.96,4266.84,5.0,2,23,2026-04-24T15:15:00+05:30,50730.0,SESSION_END,5054.96,592.53,4462.43,0.4606,1.0458
4,derivatives,CNXFMCG_data_15m,2026-04-27,BUY,BUY,LONG,2026-04-27T09:15:00+05:30,2026-04-27T09:30:00+05:30,51121.449219,51136.699219,50919.397377,51929.656588,51323.501061,51525.552903,51727.604745,51929.656588,52131.70843,134.701228,202.051842,50801.144333,50792.156145,51089.316406,65.0819,-24.429954,-73.497939,16.6136,0.0,0.0,71.43,0.0,STRONG BULL,19,971597.29,4223.74,5.0,1,11,2026-04-27T12:00:00+05:30,50914.397377,STOP_LOSS,-4223.74,594.48,-4818.22,-0.4959,-1.1407
4,derivatives,CNXFMCG_data_15m,2026-04-28,SELL,SELL,SHORT,2026-04-28T09:30:00+05:30,2026-04-28T09:45:00+05:30,50978.851562,50974.449219,51168.332074,50220.929518,50789.371051,50599.89054,50410.410029,50220.929518,50031.449007,126.320341,189.480511,51049.77111,51049.82636,50992.97526,45.0116,15.019085,35.887448,9.9692,0.0,0.0,0.0,71.43,STRONG BEAR,19,968514.54,3778.77,5.0,0,23,2026-04-28T15:15:00+05:30,50893.351562,SESSION_END,1540.86,594.14,946.72,0.0977,0.2505
4,derivatives,CNXFMCG_data_15m,2026-04-29,BUY,BUY,LONG,2026-04-29T09:15:00+05:30,2026-04-29T09:30:00+05:30,51558.898438,51577.898438,51340.528676,52432.377483,51777.268199,51995.63796,52214.007721,52432.377483,52650.747244,145.579841,218.369761,51068.700037,51024.197741,51402.933594,74.2965,26.284002,-10.243224,12.3659,0.0,0.0,71.43,0.0,STRONG BULL,19,979980.07,4605.03,5.0,2,24,2026-04-29T15:15:00+05:30,51761.550781,SESSION_END,3489.39,603.25,2886.14,0.2945,0.6267
4,derivatives,CNXIT_data_15m,2026-04-09,SELL,SELL,SHORT,2026-04-09T09:30:00+05:30,2026-04-09T09:45:00+05:30,31162.449219,31156.900391,31356.889,30384.690093,30968.009437,30773.569656,30579.129875,30384.690093,30190.250312,129.626521,194.439781,31446.759989,31451.212291,31304.932943,32.65,24.040026,59.565431,50.3254,0.0,0.0,0.0,85.71,STRONG BEAR,32,997020.81,6559.64,5.0,0,8,2026-04-09T11:30:00+05:30,31361.889,STOP_LOSS,-6559.64,614.49,-7174.13,-0.7196,-1.0937
4,derivatives,CNXIT_data_15m,2026-04-09,BUY,BUY,LONG,2026-04-09T12:00:00+05:30,2026-04-09T12:15:00+05:30,31492.25,31497.900391,31321.389999,32175.690003,31663.110001,31833.970002,32004.830002,32175.690003,32346.550004,113.906667,170.860001,31394.157038,31388.203976,31306.204102,58.4299,2.827795,-10.098556,31.587,0.0,0.0,85.71,0.0,STRONG BULL,31,976434.91,5626.82,5.0,1,13,2026-04-09T15:15:00+05:30,31631.25,SESSION_END,4133.84,601.58,3532.26,0.3618,0.6278
4,derivatives,CNXIT_data_15m,2026-04-10,SELL,SELL,SHORT,2026-04-10T09:30:00+05:30,2026-04-10T09:45:00+05:30,30812.199219,30808.449219,31037.679568,29910.277822,30586.71887,30361.23852,30135.758171,29910.277822,29684.797473,150.320233,225.480349,31358.487843,31430.270177,31078.708008,24.6833,-37.648143,25.235876,27.8751,0.0,0.0,0.0,85.71,STRONG BEAR,32,985870.38,7495.37,5.0,0,16,2026-04-10T13:30:00+05:30,31042.679568,STOP_LOSS,-7495.37,608.68,-8104.05,-0.822,-1.0812
4,derivatives,CNXIT_data_15m,2026-04-15,BUY,BUY,LONG,2026-04-15T09:15:00+05:30,2026-04-15T09:30:00+05:30,31543.949219,31557.650391,31333.273604,32386.651678,31754.624833,31965.300448,32175.976063,32386.651678,32597.327292,140.45041,210.675615,30838.304357,30760.704382,31442.466146,80.9506,34.13674,-37.940242,28.4883,0.0,0.0,85.71,0.0,STRONG BULL,31,978287.16,7110.68,5.0,0,1,2026-04-15T09:30:00+05:30,31328.273604,STOP_LOSS,-7110.68,596.75,-7707.43,-0.7878,-1.0839
4,derivatives,CNXIT_data_15m,2026-04-17,SELL,SELL,SHORT,2026-04-17T13:00:00+05:30,2026-04-17T13:15:00+05:30,31712.0,31705.75,31841.224866,31195.100537,31582.775134,31453.550268,31324.325402,31195.100537,31065.875671,86.149911,129.224866,31720.047338,31720.628557,31720.802124,50.1162,9.217584,18.326147,16.7907,0.0,0.0,28.57,42.86,MILD BEAR,31,982878.25,4354.72,5.0,0,5,2026-04-17T14:15:00+05:30,31748.900391,OPPOSITE_SIGNAL,-1337.66,603.76,-1941.42,-0.1975,-0.4458
4,derivatives,CNXIT_data_15m,2026-04-17,BUY,BUY,LONG,2026-04-17T14:00:00+05:30,2026-04-17T14:15:00+05:30,31743.0,31748.900391,31632.747208,32184.011168,31853.252792,31963.505584,32073.758376,32184.011168,32294.26396,73.501861,110.252792,31721.683327,31720.411283,31719.408398,53.6696,7.170548,11.02363,13.8685,0.0,0.0,57.14,14.29,STRONG BULL,31,984215.91,3755.75,5.0,0,2,2026-04-17T14:30:00+05:30,31660.349609,OPPOSITE_SIGNAL,-2745.07,602.39,-3347.46,-0.3401,-0.8913
4,derivatives,CNXIT_data_15m,2026-04-17,SELL,SELL,SHORT,2026-04-17T14:15:00+05:30,2026-04-17T14:30:00+05:30,31664.449219,31660.349609,31776.496454,31216.260277,31552.401983,31440.354748,31328.307513,31216.260277,31104.213042,74.698157,112.047235,31710.236506,31715.323823,31718.187376,44.9936,2.056323,9.230168,13.9723,0.0,0.0,0.0,71.43,STRONG BEAR,31,981470.84,3755.55,5.0,0,3,2026-04-17T15:00:00+05:30,31772.449219,OPPOSITE_SIGNAL,-3475.09,604.09,-4079.18,-0.4156,-1.0862
4,derivatives,CNXIT_data_15m,2026-04-17,BUY,BUY,LONG,2026-04-17T14:45:00+05:30,2026-04-17T15:00:00+05:30,31769.0,31772.449219,31658.664873,32210.340509,31879.335127,31989.670254,32100.005382,32210.340509,32320.675636,73.556751,110.335127,31725.343239,31721.515491,31719.257275,55.574,7.342261,7.911889,13.7237,0.0,0.0,57.14,14.29,STRONG BULL,31,984945.93,3682.31,5.0,0,2,2026-04-17T15:15:00+05:30,31803.900391,SESSION_END,974.99,604.74,370.25,0.0376,0.1005
4,derivatives,CNXIT_data_15m,2026-04-21,SELL,SELL,SHORT,2026-04-21T09:15:00+05:30,2026-04-21T09:30:00+05:30,31461.800781,31459.800781,31603.388031,30895.451784,31320.213532,31178.626283,31037.039033,30895.451784,30753.864535,94.3915,141.587249,31698.055957,31712.488677,31478.483724,33.6305,-5.409643,7.845224,15.0041,0.0,0.0,0.0,71.43,STRONG BEAR,31,975253.82,4606.2,5.0,0,2,2026-04-21T09:45:00+05:30,31608.388031,STOP_LOSS,-4606.2,601.16,-5207.36,-0.5339,-1.1305
4,derivatives,CNXIT_data_15m,2026-04-21,BUY,BUY,LONG,2026-04-21T11:15:00+05:30,2026-04-21T11:30:00+05:30,31753.800781,31759.550781,31623.45693,32275.176186,31884.144632,32014.488483,32144.832334,32275.176186,32405.520037,86.895901,130.343851,31701.304643,31697.302847,31637.018519,54.4242,0.248635,-8.315393,14.146,0.0,0.0,71.43,0.0,STRONG BULL,31,984546.07,4373.91,5.0,0,12,2026-04-21T14:15:00+05:30,31674.25,OPPOSITE_SIGNAL,-2644.32,602.63,-3246.95,-0.3298,-0.7423
4,derivatives,CNXIT_data_15m,2026-04-21,SELL,SELL,SHORT,2026-04-21T14:00:00+05:30,2026-04-21T14:15:00+05:30,31675.150391,31674.25,31788.268205,31222.679133,31562.032576,31448.914762,31335.796947,31222.679133,31109.561318,75.411876,113.117814,31730.449133,31731.220735,31707.422493,45.1623,4.598042,12.641214,10.2797,0.0,0.0,0.0,71.43,STRONG BEAR,31,981901.75,3689.56,5.0,0,5,2026-04-21T15:15:00+05:30,31752.0,SESSION_END,-2410.25,603.77,-3014.02,-0.307,-0.8169
4,derivatives,CNXIT_data_15m,2026-04-27,BUY,BUY,LONG,2026-04-27T10:15:00+05:30,2026-04-27T10:30:00+05:30,29097.849609,29102.849609,28928.125395,29776.746466,29267.573824,29437.298038,29607.022252,29776.746466,29946.47068,113.149476,169.724214,28885.297674,28879.179783,29001.846354,57.8755,-90.945496,-212.605076,53.5196,0.0,0.0,85.71,0.0,STRONG BULL,34,989496.89,6110.62,5.0,0,20,2026-04-27T15:15:00+05:30,29193.300781,SESSION_END,3075.34,608.42,2466.92,0.2493,0.4037
4,derivatives,CNXIT_data_15m,2026-04-28,SELL,SELL,SHORT,2026-04-28T11:15:00+05:30,2026-04-28T11:30:00+05:30,29022.949219,29017.550781,29153.954083,28498.929763,28891.944355,28760.939491,28629.934627,28498.929763,28367.924899,87.336576,131.004864,29100.594387,29102.92431,29118.422309,42.6617,8.025824,27.396889,18.1991,0.0,0.0,0.0,71.43,STRONG BEAR,34,986596.73,4807.71,5.0,1,16,2026-04-28T15:15:00+05:30,28988.0,SESSION_END,1004.73,604.64,400.09,0.0406,0.0832
4,derivatives,CNXIT_data_15m,2026-04-29,BUY,BUY,LONG,2026-04-29T09:30:00+05:30,2026-04-29T09:45:00+05:30,29264.949219,29270.599609,29130.740931,29801.782371,29399.157507,29533.365795,29667.574083,29801.782371,29935.990659,89.472192,134.208288,29054.524753,29037.363011,29162.883138,66.0065,2.134896,-24.169498,22.8394,0.0,0.0,71.43,0.0,STRONG BULL,34,995200.39,4925.2,5.0,1,23,2026-04-29T15:15:00+05:30,29183.349609,SESSION_END,-2966.5,608.48,-3574.98,-0.3592,-0.7259
4,derivatives,NSEBANK_data_15m,2026-04-09,SELL,SELL,SHORT,2026-04-09T12:30:00+05:30,2026-04-09T12:45:00+05:30,55126.648438,55129.648438,55379.214323,54116.384894,54874.082552,54621.516666,54368.95078,54116.384894,53863.819008,168.377257,252.565886,55254.49078,55259.536135,55303.476283,47.7118,84.732778,177.876091,30.7805,0.0,0.0,0.0,85.71,STRONG BEAR,18,992333.67,4582.19,5.0,1,11,2026-04-09T15:15:00+05:30,54825.0,SESSION_END,5483.67,605.55,4878.12,0.4916,1.0646
4,derivatives,NSEBANK_data_15m,2026-04-10,BUY,BUY,LONG,2026-04-10T09:30:00+05:30,2026-04-10T09:45:00+05:30,55698.75,55700.300781,55403.388523,56880.195909,55994.111477,56289.472955,56584.834432,56880.195909,57175.557386,196.907652,295.361477,55145.571353,55096.443209,55571.400391,69.7295,29.9299,-31.253955,28.5997,0.0,0.0,85.71,0.0,STRONG BULL,17,946905.11,5132.51,5.0,0,23,2026-04-10T15:15:00+05:30,55924.398438,SESSION_END,3809.66,584.71,3224.95,0.3406,0.6283
4,derivatives,NSEBANK_data_15m,2026-04-13,SELL,SELL,SHORT,2026-04-13T09:15:00+05:30,2026-04-13T09:30:00+05:30,54614.449219,54603.5,54968.871775,53196.758994,54260.026663,53905.604107,53551.18155,53196.758994,52842.336438,236.281704,354.422556,55600.248348,55647.625257,54601.5,24.4297,19.027214,118.064631,27.8415,0.0,0.0,14.29,71.43,STRONG BEAR,18,982863.0,6666.69,5.0,0,6,2026-04-13T10:45:00+05:30,54973.871775,STOP_LOSS,-6666.69,606.54,-7273.23,-0.74,-1.091
4,derivatives,NSEBANK_data_15m,2026-04-13,BUY,BUY,LONG,2026-04-13T13:15:00+05:30,2026-04-13T13:30:00+05:30,55403.648438,55412.050781,55147.70016,56427.441548,55659.596715,55915.544993,56171.49327,56427.441548,56683.389825,170.632185,255.948278,55274.4576,55266.586398,55012.414828,54.6549,-28.564935,-87.627976,21.5614,0.0,0.0,71.43,0.0,STRONG BULL,18,997416.91,4848.31,5.0,1,8,2026-04-13T15:15:00+05:30,55566.851562,SESSION_END,2786.41,612.74,2173.67,0.2179,0.4483
4,derivatives,NSEBANK_data_15m,2026-04-16,SELL,SELL,SHORT,2026-04-16T12:00:00+05:30,2026-04-16T12:15:00+05:30,56146.199219,56135.851562,56373.059518,55238.758023,55919.33892,55692.478621,55465.618322,55238.758023,55011.897724,151.240199,226.860299,56347.60128,56353.053909,56478.227431,42.604,40.985823,100.701832,29.7762,0.0,0.0,0.0,85.71,STRONG BEAR,17,954309.48,4117.54,5.0,1,13,2026-04-16T15:15:00+05:30,56041.398438,SESSION_END,1605.7,586.07,1019.63,0.1068,0.2476
4,derivatives,NSEBANK_data_15m,2026-04-17,BUY,BUY,LONG,2026-04-17T11:30:00+05:30,2026-04-17T11:45:00+05:30,56294.550781,56299.050781,56097.074265,57084.456848,56492.027298,56689.503815,56886.980331,57084.456848,57281.933364,131.651011,197.476517,56196.613968,56183.345442,56175.08151,56.2262,3.438073,-14.892439,15.4896,0.0,0.0,71.43,0.0,STRONG BULL,17,957083.86,3518.6,5.0,1,15,2026-04-17T15:15:00+05:30,56620.601562,SESSION_END,5466.36,591.33,4875.03,0.5094,1.3855
4,derivatives,NSEBANK_data_15m,2026-04-22,SELL,SELL,SHORT,2026-04-22T14:45:00+05:30,2026-04-22T15:00:00+05:30,57208.949219,57200.25,57352.461125,56634.901593,57065.437312,56921.925406,56778.4135,56634.901593,56491.389687,95.674604,143.511906,57280.055254,57286.289594,57281.981261,44.3817,15.042239,39.341317,16.6656,0.0,0.0,0.0,71.43,STRONG BEAR,17,972404.25,2672.59,5.0,0,2,2026-04-22T15:15:00+05:30,57119.898438,SESSION_END,1365.98,596.43,769.55,0.0791,0.2879
4,derivatives,NSEBANK_data_15m,2026-04-27,BUY,BUY,LONG,2026-04-27T09:15:00+05:30,2026-04-27T09:30:00+05:30,56308.148438,56317.199219,56090.404558,57179.123957,56525.892317,56743.636197,56961.380077,57179.123957,57396.867837,145.162587,217.74388,56083.077544,56061.466318,56319.098958,59.8964,-24.106342,-83.361541,22.4285,0.0,0.0,57.14,14.29,STRONG BULL,17,957392.39,3940.51,5.0,0,4,2026-04-27T10:15:00+05:30,56085.404558,STOP_LOSS,-3940.51,586.59,-4527.1,-0.4729,-1.1489
4,derivatives,NSEBANK_data_15m,2026-04-27,SELL,SELL,SHORT,2026-04-27T11:30:00+05:30,2026-04-27T11:45:00+05:30,55982.199219,55973.550781,56209.00317,55074.983415,55755.395268,55528.591317,55301.787366,55074.983415,54848.179464,151.202634,226.803951,56087.110241,56092.607459,56165.80651,43.9035,-11.670867,-8.791834,17.9134,0.0,0.0,0.0,71.43,STRONG BEAR,17,951550.36,4087.69,5.0,0,6,2026-04-27T13:00:00+05:30,56214.00317,STOP_LOSS,-4087.69,587.48,-4675.17,-0.4913,-1.1437
4,derivatives,NSEBANK_data_15m,2026-04-27,BUY,BUY,LONG,2026-04-27T13:00:00+05:30,2026-04-27T13:15:00+05:30,56269.949219,56277.699219,56067.025515,57081.644033,56472.872922,56675.796626,56878.72033,57081.644033,57284.567737,135.282469,202.923704,56120.207589,56104.543415,56139.424723,58.5047,5.048973,-7.325509,14.6627,0.0,0.0,71.43,0.0,STRONG BULL,17,956720.89,3666.45,5.0,0,9,2026-04-27T15:15:00+05:30,56297.101562,SESSION_END,329.84,588.44,-258.6,-0.027,-0.0705
4,derivatives,NSEBANK_data_15m,2026-04-28,SELL,SELL,SHORT,2026-04-28T09:45:00+05:30,2026-04-28T10:00:00+05:30,56096.800781,56089.699219,56297.266349,55294.938511,55896.335214,55695.869646,55495.404079,55294.938511,55094.472943,133.643712,200.465568,56174.840286,56184.02681,56028.277778,44.7155,5.232867,31.112114,20.1815,0.0,0.0,14.29,57.14,STRONG BEAR,17,953524.89,3613.64,5.0,4,22,2026-04-28T15:15:00+05:30,55299.938511,TP4,13425.93,579.45,12846.48,1.3473,3.555
4,derivatives,NSEBANK_data_15m,2026-04-29,BUY,BUY,LONG,2026-04-29T10:30:00+05:30,2026-04-29T10:45:00+05:30,55814.398438,55821.5,55610.726686,56629.085443,56018.070189,56221.74194,56425.413692,56629.085443,56832.757194,135.781168,203.671751,55690.64611,55688.856543,55682.53342,55.0841,-41.475407,-100.9364,28.5329,0.0,0.0,85.71,0.0,STRONG BULL,17,948965.5,3668.15,5.0,1,14,2026-04-29T14:00:00+05:30,55605.726686,STOP_LOSS,-3668.15,581.97,-4250.12,-0.4479,-1.1587
4,derivatives,NSEBANK_data_15m,2026-04-29,SELL,SELL,SHORT,2026-04-29T14:15:00+05:30,2026-04-29T14:30:00+05:30,55489.199219,55491.351562,55691.620333,54679.514763,55286.778105,55084.356991,54881.935877,54679.514763,54477.093649,134.947409,202.421114,55820.024026,55839.394853,55858.108693,33.2371,1.257469,42.723979,24.5488,0.0,0.0,0.0,71.43,STRONG BEAR,18,998844.33,3694.84,5.0,0,4,2026-04-29T15:15:00+05:30,55334.851562,SESSION_END,2817.0,610.62,2206.38,0.2209,0.5972
4,derivatives,NSEI_data_15m,2026-04-09,SELL,SELL,SHORT,2026-04-09T12:45:00+05:30,2026-04-09T13:00:00+05:30,23830.699219,23825.25,23918.556572,23479.269806,23742.841865,23654.984512,23567.127159,23479.269806,23391.412452,58.571569,87.857353,23860.197797,23863.183718,23856.383333,48.3235,18.314989,38.005921,24.4392,0.0,0.0,0.0,71.43,STRONG BEAR,41,976835.25,4030.57,5.0,1,10,2026-04-09T15:15:00+05:30,23771.050781,SESSION_END,2222.17,598.49,1623.68,0.1662,0.4028
4,derivatives,NSEI_data_15m,2026-04-10,BUY,BUY,LONG,2026-04-10T09:30:00+05:30,2026-04-10T09:45:00+05:30,23948.150391,23953.599609,23853.821658,24325.465321,24042.479123,24136.807856,24231.136589,24325.465321,24419.794054,62.885822,94.328733,23832.526699,23824.52571,23935.299805,64.6393,5.165552,-7.186944,25.9292,0.0,0.0,85.71,0.0,STRONG BULL,41,982097.58,4295.9,5.0,1,23,2026-04-10T15:15:00+05:30,24046.800781,SESSION_END,3821.25,604.62,3216.63,0.3275,0.7488
4,derivatives,NSEI_data_15m,2026-04-13,SELL,SELL,SHORT,2026-04-13T09:15:00+05:30,2026-04-13T09:30:00+05:30,23604.699219,23599.300781,23722.491268,23133.531023,23486.90717,23369.115121,23251.323072,23133.531023,23015.738974,78.528033,117.792049,23935.202301,23955.417384,23618.182943,24.557,-1.170074,28.75619,22.1975,0.0,0.0,0.0,71.43,STRONG BEAR,42,991170.63,5384.0,5.0,0,4,2026-04-13T10:15:00+05:30,23727.491268,STOP_LOSS,-5384.0,610.57,-5994.57,-0.6048,-1.1134
4,derivatives,NSEI_data_15m,2026-04-13,BUY,BUY,LONG,2026-04-13T13:45:00+05:30,2026-04-13T14:00:00+05:30,23893.699219,23898.050781,23811.553116,24222.283631,23975.845322,24057.991425,24140.137528,24222.283631,24304.429734,54.764069,82.146103,23828.961398,23827.389922,23755.469333,57.7323,-9.805308,-26.801664,19.6891,0.0,0.0,71.43,0.0,STRONG BULL,41,979820.08,3751.4,5.0,0,6,2026-04-13T15:15:00+05:30,23813.900391,SESSION_END,-3450.17,599.53,-4049.7,-0.4133,-1.0795
4,derivatives,NSEI_data_15m,2026-04-16,SELL,SELL,SHORT,2026-04-16T12:15:00+05:30,2026-04-16T12:30:00+05:30,24162.949219,24157.949219,24234.565059,23876.485857,24091.333378,24019.717538,23948.101697,23876.485857,23804.870017,47.743894,71.61584,24234.740587,24238.203617,24283.258964,41.6586,15.039206,38.652741,29.5354,0.0,0.0,0.0,85.71,STRONG BEAR,41,990475.92,3346.25,5.0,0,10,2026-04-16T14:45:00+05:30,24239.565059,STOP_LOSS,-3346.25,609.11,-3955.36,-0.3993,-1.182
4,derivatives,NSEI_data_15m,2026-04-17,BUY,BUY,LONG,2026-04-17T09:45:00+05:30,2026-04-17T10:00:00+05:30,24232.099609,24236.400391,24154.890259,24540.937012,24309.30896,24386.518311,24463.727661,24540.937012,24618.146362,51.4729,77.209351,24203.896754,24202.05546,24203.310981,54.3781,1.103183,-2.996929,20.9851,0.0,0.0,71.43,0.0,STRONG BULL,41,993692.42,3546.92,5.0,1,22,2026-04-17T15:15:00+05:30,24361.900391,SESSION_END,5145.5,611.87,4533.63,0.4562,1.2782
4,derivatives,NSEI_data_15m,2026-04-22,SELL,SELL,SHORT,2026-04-22T09:45:00+05:30,2026-04-22T10:00:00+05:30,24382.25,24377.900391,24449.235984,24114.306062,24315.264016,24248.278031,24181.292047,24114.306062,24047.320078,44.657323,66.985984,24487.140001,24498.703632,24433.727865,35.1531,7.36831,33.835079,37.8414,0.0,0.0,0.0,85.71,STRONG BEAR,41,999493.92,3129.76,5.0,0,6,2026-04-22T11:15:00+05:30,24454.235984,STOP_LOSS,-3129.76,614.1,-3743.86,-0.3746,-1.1962
4,derivatives,NSEI_data_15m,2026-04-27,BUY,BUY,LONG,2026-04-27T09:30:00+05:30,2026-04-27T09:45:00+05:30,24045.400391,24048.449219,23969.234399,24350.064356,24121.566382,24197.732373,24273.898365,24350.064356,24426.230347,50.777328,76.165991,23948.885828,23947.806777,24026.974935,59.9988,-22.466272,-52.623519,40.2035,0.0,0.0,85.71,0.0,STRONG BULL,41,985986.42,3452.81,5.0,1,23,2026-04-27T15:15:00+05:30,24105.199219,SESSION_END,2326.75,606.04,1720.71,0.1745,0.4984
4,derivatives,NSEI_data_15m,2026-04-28,SELL,SELL,SHORT,2026-04-28T12:00:00+05:30,2026-04-28T12:15:00+05:30,24048.25,24041.849609,24113.643993,23786.674028,23982.856007,23917.462014,23852.068021,23786.674028,23721.280035,43.595995,65.393993,24093.672957,24097.70189,24115.634766,42.7913,5.619279,19.854648,20.7485,0.0,0.0,0.0,71.43,STRONG BEAR,41,985715.83,3148.57,5.0,1,13,2026-04-28T15:15:00+05:30,24021.5,SESSION_END,834.33,604.23,230.1,0.0233,0.0731
4,derivatives,NSEI_data_15m,2026-04-29,BUY,BUY,LONG,2026-04-29T09:30:00+05:30,2026-04-29T09:45:00+05:30,24141.349609,24147.650391,24067.404239,24437.131092,24215.29498,24289.240351,24363.185722,24437.131092,24511.076463,49.296914,73.945371,24054.812596,24051.178068,24111.283529,61.2673,-2.723308,-14.153702,28.479,0.0,0.0,85.71,0.0,STRONG BULL,41,990053.67,3495.09,5.0,2,23,2026-04-29T15:15:00+05:30,24165.0,OPPOSITE_SIGNAL,711.33,607.49,103.84,0.0105,0.0297
4,derivatives,NSEI_data_15m,2026-04-29,SELL,SELL,SHORT,2026-04-29T15:00:00+05:30,2026-04-29T15:15:00+05:30,24170.150391,24165.0,24228.626183,23936.247219,24111.674598,24053.198805,23994.723012,23936.247219,23877.771427,38.983862,58.475793,24222.190491,24222.616629,24248.725586,43.6058,14.907555,35.913188,24.9803,0.0,0.0,0.0,71.43,STRONG BEAR,41,990765.0,2813.67,5.0,0,1,2026-04-29T15:15:00+05:30,24168.599609,SESSION_END,-147.58,607.6,-755.18,-0.0762,-0.2684
