variant,market,instrument,session_date,signal,scope,structure_tag,direction,signal_time,entry_time,entry_price,pivot_level,pivot_time,stop_price,stop_source,target_price,risk_reward,atr_at_signal,order_block_high,order_block_low,order_block_time,quantity,notional,position_risk_amount,slippage_points,holding_candles,exit_time,exit_price,exit_reason,gross_pnl,costs,net_pnl,return_pct_on_notional,r_multiple
swing_all,commodities,CLF,2026-04-02,SWING_BULLISH_BOS,swing,BOS,LONG,2026-04-02T09:15:00-04:00,2026-04-02T09:20:00-04:00,113.299998,105.040001,2026-03-31T12:35:00-04:00,111.402499,atr_fallback,117.094998,2.0,1.265,,,,4767,540101.09,9998.78,0.2,7,2026-04-02T09:50:00-04:00,111.202499,STOP_LOSS,-9998.78,9206.67,-19205.45,-3.5559,-1.9208
swing_all,commodities,CLF,2026-04-06,SWING_BULLISH_BOS,swing,BOS,LONG,2026-04-06T13:15:00-04:00,2026-04-06T13:20:00-04:00,113.890002,113.610001,2026-04-02T09:20:00-04:00,113.183931,atr_fallback,115.302146,2.0,0.470715,,,,8780,999954.22,7955.31,0.2,2,2026-04-06T13:25:00-04:00,112.983931,STOP_LOSS,-7955.3,17138.21,-25093.51,-2.5095,-3.1543
swing_all,commodities,CLF,2026-04-08,SWING_BEARISH_CHoCH,swing,CHoCH,SHORT,2026-04-08T09:15:00-04:00,2026-04-08T09:20:00-04:00,92.219998,106.620003,2026-04-02T10:35:00-04:00,95.682857,atr_fallback,85.294281,2.0,2.308572,,,,2730,251760.6,9999.6,0.2,16,2026-04-08T10:35:00-04:00,95.882857,STOP_LOSS,-9999.61,4501.42,-14501.03,-5.7598,-1.4502
swing_all,commodities,CLF,2026-04-13,SWING_BULLISH_CHoCH,swing,CHoCH,LONG,2026-04-13T09:15:00-04:00,2026-04-13T09:20:00-04:00,103.780002,102.699997,2026-04-09T10:35:00-04:00,102.30786,atr_fallback,106.724285,2.0,0.981428,,,,5980,620604.41,9999.41,0.2,6,2026-04-13T09:45:00-04:00,102.10786,STOP_LOSS,-9999.41,10590.68,-20590.09,-3.3177,-2.0591
swing_all,commodities,CLF,2026-04-14,SWING_BEARISH_CHoCH,swing,CHoCH,SHORT,2026-04-14T09:40:00-04:00,2026-04-14T09:45:00-04:00,95.020001,95.25,2026-04-09T13:35:00-04:00,95.897503,atr_fallback,93.264997,2.0,0.585001,,,,9280,881785.61,9999.22,0.2,5,2026-04-14T10:05:00-04:00,93.464997,TARGET,14430.44,15025.09,-594.65,-0.0674,-0.0595
swing_all,commodities,CLF,2026-04-16,SWING_BEARISH_BOS,swing,BOS,SHORT,2026-04-16T09:15:00-04:00,2026-04-16T09:20:00-04:00,88.960004,90.400002,2026-04-15T09:35:00-04:00,89.488217,atr_fallback,87.903577,2.0,0.352142,,,,11241,999999.4,8185.85,0.2,4,2026-04-16T09:35:00-04:00,89.688217,STOP_LOSS,-8185.84,17342.3,-25528.14,-2.5528,-3.1186
swing_all,commodities,CLF,2026-04-17,SWING_BEARISH_BOS,swing,BOS,SHORT,2026-04-17T09:15:00-04:00,2026-04-17T09:20:00-04:00,81.109998,88.790001,2026-04-16T09:25:00-04:00,82.428925,atr_fallback,78.472143,2.0,0.879285,,,,6583,533947.11,9999.1,0.2,2,2026-04-17T09:25:00-04:00,82.628925,STOP_LOSS,-9999.1,9352.77,-19351.87,-3.6243,-1.9354
swing_all,commodities,CLF,2026-04-22,SWING_BULLISH_CHoCH,swing,CHoCH,LONG,2026-04-22T10:40:00-04:00,2026-04-22T10:45:00-04:00,92.180003,91.82,2026-04-16T13:55:00-04:00,91.520003,atr_fallback,93.500004,2.0,0.44,,,,10848,999968.68,9329.28,0.2,6,2026-04-22T11:10:00-04:00,91.320003,STOP_LOSS,-9329.28,17121.15,-26450.43,-2.6451,-2.8352
swing_all,commodities,CLF,2026-04-28,SWING_BULLISH_BOS,swing,BOS,LONG,2026-04-28T09:15:00-04:00,2026-04-28T09:20:00-04:00,100.289996,98.389999,2026-04-23T13:45:00-04:00,99.541069,atr_fallback,101.787851,2.0,0.499285,,,,9971,999991.55,9461.76,0.2,1,2026-04-28T09:20:00-04:00,99.341069,STOP_LOSS,-9461.75,17119.87,-26581.62,-2.6582,-2.8094
swing_all,commodities,GCF,2026-04-07,SWING_BEARISH_BOS,swing,BOS,SHORT,2026-04-07T09:40:00-04:00,2026-04-07T09:45:00-04:00,4663.8,4668.600098,2026-04-02T12:20:00-04:00,4675.264286,atr_fallback,4640.871429,2.0,7.642857,,,,214,998053.2,2496.16,0.2,2,2026-04-07T09:50:00-04:00,4675.464286,STOP_LOSS,-2496.16,17237.17,-19733.33,-1.9772,-7.9055
swing_all,commodities,GCF,2026-04-08,SWING_BULLISH_CHoCH,swing,CHoCH,LONG,2026-04-08T09:15:00-04:00,2026-04-08T09:20:00-04:00,4820.800098,4724.0,2026-04-06T10:35:00-04:00,4796.43577,atr_fallback,4869.528753,2.0,16.242885,,,,207,997905.62,5084.82,0.2,8,2026-04-08T09:55:00-04:00,4796.23577,STOP_LOSS,-5084.82,17139.15,-22223.97,-2.2271,-4.3706
swing_all,commodities,GCF,2026-04-14,SWING_BULLISH_BOS,swing,BOS,LONG,2026-04-14T10:15:00-04:00,2026-04-14T10:20:00-04:00,4828.499805,4826.0,2026-04-09T13:40:00-04:00,4811.046296,atr_fallback,4863.406822,2.0,11.635672,,,,207,999499.46,3654.28,0.2,40,2026-04-14T13:35:00-04:00,4863.206822,TARGET,7184.35,17321.09,-10136.74,-1.0142,-2.7739
swing_all,commodities,GCF,2026-04-16,SWING_BEARISH_CHoCH,swing,CHoCH,SHORT,2026-04-16T13:25:00-04:00,2026-04-16T13:30:00-04:00,4805.8,4807.899902,2026-04-15T11:30:00-04:00,4815.121429,atr_fallback,4787.157143,2.0,6.214286,,,,208,999606.4,1980.46,0.2,7,2026-04-16T14:00:00-04:00,4815.321429,STOP_LOSS,-1980.46,17257.38,-19237.84,-1.9245,-9.7138
swing_all,commodities,GCF,2026-04-17,SWING_BULLISH_CHoCH,swing,CHoCH,LONG,2026-04-17T09:15:00-04:00,2026-04-17T09:20:00-04:00,4886.599902,4834.700195,2026-04-16T11:10:00-04:00,4871.557108,atr_fallback,4916.685491,2.0,10.02853,,,,204,996866.38,3109.53,0.2,3,2026-04-17T09:30:00-04:00,4871.357108,STOP_LOSS,-3109.53,17146.16,-20255.69,-2.0319,-6.5141
swing_all,commodities,GCF,2026-04-21,SWING_BEARISH_CHoCH,swing,CHoCH,SHORT,2026-04-21T09:15:00-04:00,2026-04-21T09:20:00-04:00,4786.400098,4811.899902,2026-04-20T10:50:00-04:00,4797.189404,atr_fallback,4764.821484,2.0,7.192871,,,,208,995571.22,2285.78,0.2,3,2026-04-21T09:30:00-04:00,4797.389404,STOP_LOSS,-2285.78,17191.85,-19477.63,-1.9564,-8.5212
swing_all,commodities,GCF,2026-04-23,SWING_BEARISH_BOS,swing,BOS,SHORT,2026-04-23T13:40:00-04:00,2026-04-23T13:45:00-04:00,4694.000195,4712.0,2026-04-21T14:25:00-04:00,4710.532317,atr_fallback,4660.935951,2.0,11.021415,,,,213,999822.04,3563.94,0.2,2,2026-04-23T13:50:00-04:00,4710.732317,STOP_LOSS,-3563.94,17281.03,-20844.97,-2.0849,-5.8489
swing_all,commodities,GCF,2026-04-28,SWING_BEARISH_BOS,swing,BOS,SHORT,2026-04-28T09:15:00-04:00,2026-04-28T09:20:00-04:00,4590.599805,4680.100098,2026-04-23T13:45:00-04:00,4605.62115,atr_fallback,4560.557115,2.0,10.01423,,,,217,996160.16,3303.03,0.2,6,2026-04-28T09:45:00-04:00,4605.82115,STOP_LOSS,-3303.03,17214.79,-20517.82,-2.0597,-6.2118
swing_all,commodities,HGF,2026-03-30,SWING_BEARISH_BOS,swing,BOS,SHORT,2026-03-30T15:10:00-04:00,2026-03-30T15:15:00-04:00,5.279,5.4825,2026-03-30T10:05:00-04:00,5.286286,atr_fallback,5.264429,2.0,0.004857,,,,48242,254669.52,9999.88,0.2,1,2026-03-30T15:15:00-04:00,5.486286,STOP_LOSS,-9999.89,4551.44,-14551.33,-5.7138,-1.4552
swing_all,commodities,HGF,2026-04-07,SWING_BEARISH_CHoCH,swing,CHoCH,SHORT,2026-04-07T09:55:00-04:00,2026-04-07T10:00:00-04:00,5.359,5.574,2026-04-06T11:00:00-04:00,5.371054,atr_fallback,5.334893,2.0,0.008036,,,,47157,252714.36,9999.82,0.2,1,2026-04-07T10:00:00-04:00,5.571054,STOP_LOSS,-9999.83,4517.82,-14517.65,-5.7447,-1.4518
swing_all,commodities,HGF,2026-04-08,SWING_BULLISH_CHoCH,swing,CHoCH,LONG,2026-04-08T09:15:00-04:00,2026-04-08T09:20:00-04:00,5.9665,5.6155,2026-04-06T14:35:00-04:00,5.933232,atr_fallback,6.033036,2.0,0.022179,,,,42869,255777.89,9999.96,0.2,1,2026-04-08T09:20:00-04:00,5.733232,STOP_LOSS,-9999.97,4318.57,-14318.54,-5.598,-1.4319
swing_all,commodities,HGF,2026-04-10,SWING_BULLISH_BOS,swing,BOS,LONG,2026-04-10T09:15:00-04:00,2026-04-10T09:20:00-04:00,6.0845,5.786,2026-04-08T14:05:00-04:00,6.066554,atr_fallback,6.120393,2.0,0.011964,,,,45882,279169.03,9999.82,0.2,1,2026-04-10T09:20:00-04:00,5.866554,STOP_LOSS,-9999.8,4720.72,-14720.52,-5.273,-1.4721
swing_all,commodities,HGF,2026-04-13,SWING_BULLISH_BOS,swing,BOS,LONG,2026-04-13T10:15:00-04:00,2026-04-13T10:20:00-04:00,6.1525,5.936,2026-04-10T10:35:00-04:00,6.131661,atr_fallback,6.194179,2.0,0.013893,,,,45281,278591.35,9999.83,0.2,1,2026-04-13T10:20:00-04:00,5.931661,STOP_LOSS,-9999.81,4710.78,-14710.59,-5.2803,-1.4711
swing_all,commodities,HGF,2026-04-16,SWING_BEARISH_CHoCH,swing,CHoCH,SHORT,2026-04-16T09:50:00-04:00,2026-04-16T09:55:00-04:00,5.856,6.063,2026-04-15T11:30:00-04:00,5.865857,atr_fallback,5.836286,2.0,0.006571,,,,47651,279044.27,9999.9,0.2,1,2026-04-16T09:55:00-04:00,6.065857,STOP_LOSS,-9999.9,4970.49,-14970.39,-5.3649,-1.4971
swing_all,commodities,HGF,2026-04-17,SWING_BULLISH_CHoCH,swing,CHoCH,LONG,2026-04-17T09:50:00-04:00,2026-04-17T09:55:00-04:00,6.3065,6.099,2026-04-16T09:25:00-04:00,6.283786,atr_fallback,6.351929,2.0,0.015143,,,,44900,283161.86,9999.88,0.2,1,2026-04-17T09:55:00-04:00,6.083786,STOP_LOSS,-9999.86,4789.36,-14789.22,-5.2229,-1.4789
swing_all,commodities,HGF,2026-04-20,SWING_BEARISH_CHoCH,swing,CHoCH,SHORT,2026-04-20T11:15:00-04:00,2026-04-20T11:20:00-04:00,5.842,6.045,2026-04-16T09:55:00-04:00,5.853304,atr_fallback,5.819392,2.0,0.007536,,,,47325,276472.64,9999.95,0.2,1,2026-04-20T11:20:00-04:00,6.053304,STOP_LOSS,-9999.96,4926.28,-14926.24,-5.3988,-1.4926
swing_all,commodities,HGF,2026-04-22,SWING_BULLISH_CHoCH,swing,CHoCH,LONG,2026-04-22T12:55:00-04:00,2026-04-22T13:00:00-04:00,6.3295,6.127,2026-04-17T10:40:00-04:00,6.32317,atr_fallback,6.342159,2.0,0.004143,,,,48466,306765.54,9999.97,0.2,1,2026-04-22T13:00:00-04:00,6.12317,STOP_LOSS,-9999.99,5195.15,-15195.14,-4.9533,-1.5195
swing_all,commodities,HGF,2026-04-27,SWING_BULLISH_BOS,swing,BOS,LONG,2026-04-27T09:15:00-04:00,2026-04-27T09:20:00-04:00,6.2795,6.0635,2026-04-23T14:15:00-04:00,6.270072,atr_fallback,6.298357,2.0,0.006286,,,,47748,299833.58,9999.79,0.2,1,2026-04-27T09:20:00-04:00,6.070072,STOP_LOSS,-9999.77,5075.98,-15075.75,-5.028,-1.5076
swing_all,commodities,HGF,2026-04-28,SWING_BEARISH_CHoCH,swing,CHoCH,SHORT,2026-04-28T09:15:00-04:00,2026-04-28T09:20:00-04:00,5.776,6.0155,2026-04-24T13:20:00-04:00,5.792232,atr_fallback,5.743536,2.0,0.010821,,,,46246,267116.89,9999.87,0.2,1,2026-04-28T09:20:00-04:00,5.992232,STOP_LOSS,-9999.87,4765.43,-14765.3,-5.5277,-1.4765
swing_all,commodities,NGF,2026-04-01,SWING_BEARISH_BOS,swing,BOS,SHORT,2026-04-01T09:15:00-04:00,2026-04-01T09:20:00-04:00,2.642,2.852,2026-03-30T11:40:00-04:00,2.659571,atr_fallback,2.606857,2.0,0.011714,,,,45961,121428.96,9999.8,0.2,1,2026-04-01T09:20:00-04:00,2.859571,STOP_LOSS,-9999.78,2260.76,-12260.54,-10.0969,-1.2261
swing_all,commodities,NGF,2026-04-07,SWING_BULLISH_CHoCH,swing,CHoCH,LONG,2026-04-07T09:15:00-04:00,2026-04-07T09:20:00-04:00,3.072,2.865,2026-04-06T09:15:00-04:00,3.056786,atr_fallback,3.102428,2.0,0.010143,,,,46465,142740.48,9999.93,0.2,1,2026-04-07T09:20:00-04:00,2.856786,STOP_LOSS,-9999.92,2375.24,-12375.16,-8.6697,-1.2375
swing_all,commodities,NGF,2026-04-08,SWING_BEARISH_CHoCH,swing,CHoCH,SHORT,2026-04-08T09:15:00-04:00,2026-04-08T09:20:00-04:00,2.544,2.799,2026-04-06T14:45:00-04:00,2.566179,atr_fallback,2.499643,2.0,0.014786,,,,45008,114500.35,9999.82,0.2,1,2026-04-08T09:20:00-04:00,2.766179,STOP_LOSS,-9999.83,2141.65,-12141.48,-10.6039,-1.2142
swing_all,commodities,NGF,2026-04-16,SWING_BULLISH_CHoCH,swing,CHoCH,LONG,2026-04-16T09:35:00-04:00,2026-04-16T09:40:00-04:00,2.83,2.628,2026-04-15T10:40:00-04:00,2.821107,atr_fallback,2.847786,2.0,0.005929,,,,47871,135474.94,9999.91,0.2,1,2026-04-16T09:40:00-04:00,2.621107,STOP_LOSS,-9999.92,2250.33,-12250.25,-9.0424,-1.225
swing_all,commodities,NGF,2026-04-22,SWING_BULLISH_BOS,swing,BOS,LONG,2026-04-22T09:15:00-04:00,2026-04-22T09:20:00-04:00,2.938,2.721,2026-04-20T11:50:00-04:00,2.923643,atr_fallback,2.966714,2.0,0.009571,,,,46651,137060.63,9999.97,0.2,1,2026-04-22T09:20:00-04:00,2.723643,STOP_LOSS,-9999.97,2277.59,-12277.56,-8.9578,-1.2278
swing_all,commodities,NGF,2026-04-24,SWING_BEARISH_CHoCH,swing,CHoCH,SHORT,2026-04-24T11:30:00-04:00,2026-04-24T11:35:00-04:00,2.458,2.663,2026-04-21T09:35:00-04:00,2.471179,atr_fallback,2.431643,2.0,0.008786,,,,46909,115302.32,9999.99,0.2,1,2026-04-24T11:35:00-04:00,2.671179,STOP_LOSS,-10000.01,2155.44,-12155.45,-10.5422,-1.2155
swing_all,commodities,NGF,2026-04-27,SWING_BULLISH_CHoCH,swing,CHoCH,LONG,2026-04-27T09:40:00-04:00,2026-04-27T09:45:00-04:00,2.998,2.795,2026-04-23T10:25:00-04:00,2.97625,atr_fallback,3.0415,2.0,0.0145,,,,45095,135194.81,9999.81,0.2,1,2026-04-27T09:45:00-04:00,2.77625,STOP_LOSS,-9999.82,2245.51,-12245.33,-9.0575,-1.2246
swing_all,commodities,SIF,2026-03-30,SWING_BEARISH_BOS,swing,BOS,SHORT,2026-03-30T14:55:00-04:00,2026-03-30T15:00:00-04:00,69.8,70.169998,2026-03-30T09:55:00-04:00,70.063571,atr_fallback,69.272857,2.0,0.175714,,,,14326,999954.8,6641.12,0.2,1,2026-03-30T15:00:00-04:00,70.263571,STOP_LOSS,-6641.12,17322.07,-23963.19,-2.3964,-3.6083
swing_all,commodities,SIF,2026-04-06,SWING_BULLISH_CHoCH,swing,CHoCH,LONG,2026-04-06T14:15:00-04:00,2026-04-06T14:20:00-04:00,73.339999,73.139999,2026-04-06T09:30:00-04:00,72.993392,atr_fallback,74.033214,2.0,0.231071,,,,13635,999990.89,7452.99,0.2,4,2026-04-06T14:35:00-04:00,72.793392,STOP_LOSS,-7452.99,17145.17,-24598.16,-2.4598,-3.3004
swing_all,commodities,SIF,2026-04-07,SWING_BEARISH_CHoCH,swing,CHoCH,SHORT,2026-04-07T09:30:00-04:00,2026-04-07T09:35:00-04:00,71.670003,72.014999,2026-04-06T11:15:00-04:00,72.023572,atr_fallback,70.962864,2.0,0.235713,,,,13952,999939.88,7723.4,0.2,6,2026-04-07T10:00:00-04:00,71.162864,TARGET,7075.6,17149.04,-10073.44,-1.0074,-1.3043
swing_all,commodities,SIF,2026-04-08,SWING_BULLISH_CHoCH,swing,CHoCH,LONG,2026-04-08T09:15:00-04:00,2026-04-08T09:20:00-04:00,77.365001,73.309998,2026-04-06T15:05:00-04:00,76.467678,atr_fallback,79.159647,2.0,0.598215,,,,9113,705027.25,9999.91,0.2,5,2026-04-08T09:40:00-04:00,76.267678,STOP_LOSS,-9999.9,12042.07,-22041.97,-3.1264,-2.2042
swing_all,commodities,SIF,2026-04-14,SWING_BULLISH_BOS,swing,BOS,LONG,2026-04-14T09:15:00-04:00,2026-04-14T09:20:00-04:00,78.435001,77.004997,2026-04-10T10:25:00-04:00,77.964645,atr_fallback,79.375711,2.0,0.31357,,,,12749,999967.82,8546.36,0.2,2,2026-04-14T09:25:00-04:00,77.764645,STOP_LOSS,-8546.37,17131.0,-25677.37,-2.5678,-3.0045
swing_all,commodities,SIF,2026-04-16,SWING_BEARISH_CHoCH,swing,CHoCH,SHORT,2026-04-16T09:50:00-04:00,2026-04-16T09:55:00-04:00,78.410001,78.879997,2026-04-15T11:30:00-04:00,78.769999,atr_fallback,77.690004,2.0,0.239999,,,,12753,999962.74,7141.66,0.2,1,2026-04-16T09:55:00-04:00,78.969999,STOP_LOSS,-7141.65,17328.52,-24470.17,-2.4471,-3.4264
swing_all,commodities,SIF,2026-04-17,SWING_BULLISH_CHoCH,swing,CHoCH,LONG,2026-04-17T09:15:00-04:00,2026-04-17T09:20:00-04:00,82.005,79.275002,2026-04-16T11:10:00-04:00,81.482678,atr_fallback,83.049645,2.0,0.348215,,,,12194,999968.97,8808.0,0.2,17,2026-04-17T10:40:00-04:00,82.849645,TARGET,10299.6,17368.4,-7068.8,-0.7069,-0.8025
swing_all,commodities,SIF,2026-04-21,SWING_BEARISH_CHoCH,swing,CHoCH,SHORT,2026-04-21T09:15:00-04:00,2026-04-21T09:20:00-04:00,78.200002,79.455002,2026-04-20T10:50:00-04:00,78.551431,atr_fallback,77.497143,2.0,0.234286,,,,12787,999943.42,7051.13,0.2,3,2026-04-21T09:30:00-04:00,78.751431,STOP_LOSS,-7051.12,17327.04,-24378.16,-2.438,-3.4573
swing_all,commodities,SIF,2026-04-23,SWING_BEARISH_BOS,swing,BOS,SHORT,2026-04-23T09:25:00-04:00,2026-04-23T09:30:00-04:00,75.825002,76.084999,2026-04-21T12:50:00-04:00,76.159825,atr_fallback,75.155355,2.0,0.223215,,,,13188,999980.12,7053.25,0.2,3,2026-04-23T09:40:00-04:00,76.359825,STOP_LOSS,-7053.25,17327.7,-24380.95,-2.4381,-3.4567
swing_all,commodities,SIF,2026-04-28,SWING_BEARISH_BOS,swing,BOS,SHORT,2026-04-28T09:15:00-04:00,2026-04-28T09:20:00-04:00,72.804997,74.589996,2026-04-27T11:00:00-04:00,73.199818,atr_fallback,72.015355,2.0,0.263214,,,,13735,999976.64,8169.87,0.2,4,2026-04-28T09:35:00-04:00,73.399818,STOP_LOSS,-8169.87,17341.71,-25511.58,-2.5512,-3.1226
swing_all,derivatives,CNXAUTO,2026-04-06,SWING_BULLISH_BOS,swing,BOS,LONG,2026-04-06T15:00:00+05:30,2026-04-06T15:05:00+05:30,24339.699219,24330.599609,2026-04-06T09:35:00+05:30,24274.797642,atr_fallback,24469.502372,2.0,43.267718,,,,41,997927.67,2865.96,5.0,4,2026-04-06T15:20:00+05:30,24347.800781,SESSION_END,332.16,611.75,-279.59,-0.028,-0.0976
swing_all,derivatives,CNXAUTO,2026-04-07,SWING_BEARISH_CHoCH,swing,CHoCH,SHORT,2026-04-07T09:15:00+05:30,2026-04-07T09:20:00+05:30,23867.25,23975.949219,2026-04-06T11:10:00+05:30,23970.192732,atr_fallback,23661.364537,2.0,68.628488,,,,41,978557.25,4425.65,5.0,2,2026-04-07T09:25:00+05:30,23975.192732,STOP_LOSS,-4425.65,602.93,-5028.58,-0.5139,-1.1362
swing_all,derivatives,CNXAUTO,2026-04-07,SWING_BULLISH_CHoCH,swing,CHoCH,LONG,2026-04-07T15:00:00+05:30,2026-04-07T15:05:00+05:30,24386.550781,24374.550781,2026-04-06T15:15:00+05:30,24311.422294,atr_fallback,24536.807757,2.0,50.085658,,,,41,999848.58,3285.27,5.0,4,2026-04-07T15:20:00+05:30,24374.800781,SESSION_END,-481.75,612.41,-1094.16,-0.1094,-0.3331
swing_all,derivatives,CNXAUTO,2026-04-09,SWING_BULLISH_BOS,swing,BOS,LONG,2026-04-09T12:00:00+05:30,2026-04-09T12:05:00+05:30,26124.25,26113.650391,2026-04-08T11:20:00+05:30,26052.051618,atr_fallback,26268.646763,2.0,48.132254,,,,38,992721.5,2933.54,5.0,2,2026-04-09T12:10:00+05:30,26047.051618,STOP_LOSS,-2933.54,607.1,-3540.64,-0.3567,-1.207
swing_all,derivatives,CNXAUTO,2026-04-15,SWING_BULLISH_BOS,swing,BOS,LONG,2026-04-15T10:40:00+05:30,2026-04-15T10:45:00+05:30,26693.25,26678.550781,2026-04-10T15:10:00+05:30,26607.728237,atr_fallback,26864.293527,2.0,57.014509,,,,37,987650.25,3349.31,5.0,5,2026-04-15T11:05:00+05:30,26602.728237,STOP_LOSS,-3349.31,604.01,-3953.32,-0.4003,-1.1803
swing_all,derivatives,CNXAUTO,2026-04-21,SWING_BULLISH_BOS,swing,BOS,LONG,2026-04-21T09:15:00+05:30,2026-04-21T09:20:00+05:30,26665.400391,26581.550781,2026-04-17T10:25:00+05:30,26604.313058,atr_fallback,26787.575056,2.0,40.724888,,,,37,986619.81,2445.23,5.0,5,2026-04-21T09:40:00+05:30,26599.313058,STOP_LOSS,-2445.23,603.9,-3049.13,-0.309,-1.247
swing_all,derivatives,CNXAUTO,2026-04-22,SWING_BEARISH_CHoCH,swing,CHoCH,SHORT,2026-04-22T15:00:00+05:30,2026-04-22T15:05:00+05:30,26462.150391,26503.550781,2026-04-22T09:15:00+05:30,26507.354004,atr_fallback,26371.743164,2.0,30.135742,,,,37,979099.56,1857.53,5.0,4,2026-04-22T15:20:00+05:30,26465.5,SESSION_END,-123.94,600.99,-724.93,-0.074,-0.3903
swing_all,derivatives,CNXAUTO,2026-04-29,SWING_BULLISH_CHoCH,swing,CHoCH,LONG,2026-04-29T09:25:00+05:30,2026-04-29T09:30:00+05:30,26279.550781,26218.699219,2026-04-28T09:40:00+05:30,26141.979562,atr_fallback,26554.69322,2.0,91.714146,,,,38,998622.93,5417.71,5.0,48,2026-04-29T13:25:00+05:30,26311.650391,SESSION_END,1219.79,612.61,607.18,0.0608,0.1121
swing_all,derivatives,CNXFMCG,2026-04-10,SWING_BULLISH_BOS,swing,BOS,LONG,2026-04-10T12:15:00+05:30,2026-04-10T12:20:00+05:30,48087.101562,48074.199219,2026-04-08T09:15:00+05:30,48015.305385,atr_fallback,48230.693917,2.0,47.864118,,,,20,961742.03,1535.92,5.0,13,2026-04-10T13:20:00+05:30,48010.305385,STOP_LOSS,-1535.92,590.31,-2126.23,-0.2211,-1.3843
swing_all,derivatives,CNXFMCG,2026-04-13,SWING_BEARISH_CHoCH,swing,CHoCH,SHORT,2026-04-13T09:15:00+05:30,2026-04-13T09:20:00+05:30,47290.949219,47458.601562,2026-04-09T10:00:00+05:30,47468.034598,atr_fallback,46936.77846,2.0,118.05692,,,,21,993109.93,3823.79,5.0,1,2026-04-13T09:20:00+05:30,47473.034598,STOP_LOSS,-3823.79,610.85,-4434.64,-0.4465,-1.1598
swing_all,derivatives,CNXFMCG,2026-04-15,SWING_BULLISH_CHoCH,swing,CHoCH,LONG,2026-04-15T09:15:00+05:30,2026-04-15T09:20:00+05:30,48279.050781,47785.101562,2026-04-13T11:00:00+05:30,48121.144392,atr_fallback,48594.86356,2.0,105.270926,,,,20,965581.02,3258.13,5.0,2,2026-04-15T09:25:00+05:30,48116.144392,STOP_LOSS,-3258.13,591.58,-3849.71,-0.3987,-1.1816
swing_all,derivatives,CNXFMCG,2026-04-17,SWING_BULLISH_BOS,swing,BOS,LONG,2026-04-17T09:15:00+05:30,2026-04-17T09:20:00+05:30,48797.949219,48495.949219,2026-04-16T09:15:00+05:30,48669.125837,atr_fallback,49055.595982,2.0,85.882254,,,,20,975958.98,2676.47,5.0,4,2026-04-17T09:35:00+05:30,48664.125837,STOP_LOSS,-2676.47,597.75,-3274.22,-0.3355,-1.2233
swing_all,derivatives,CNXFMCG,2026-04-24,SWING_BEARISH_CHoCH,swing,CHoCH,SHORT,2026-04-24T10:45:00+05:30,2026-04-24T10:50:00+05:30,50823.25,50857.101562,2026-04-23T11:40:00+05:30,50916.357143,atr_fallback,50637.035714,2.0,62.071429,,,,19,965641.75,1864.04,5.0,14,2026-04-24T11:55:00+05:30,50642.035714,TARGET,3443.07,591.52,2851.55,0.2953,1.5298
swing_all,derivatives,CNXFMCG,2026-04-29,SWING_BULLISH_CHoCH,swing,CHoCH,LONG,2026-04-29T09:25:00+05:30,2026-04-29T09:30:00+05:30,51577.898438,51335.25,2026-04-27T09:50:00+05:30,51401.182199,atr_fallback,51931.330915,2.0,117.810826,,,,19,979980.07,3452.61,5.0,42,2026-04-29T12:55:00+05:30,51926.330915,TARGET,6620.22,604.89,6015.33,0.6138,1.7423
swing_all,derivatives,CNXIT,2026-04-02,SWING_BULLISH_BOS,swing,BOS,LONG,2026-04-02T13:35:00+05:30,2026-04-02T13:40:00+05:30,30265.099609,30257.449219,2026-04-01T10:05:00+05:30,30160.93478,atr_fallback,30473.429269,2.0,69.44322,,,,33,998748.29,3602.44,5.0,10,2026-04-02T14:25:00+05:30,30468.429269,TARGET,6709.88,615.55,6094.33,0.6102,1.6917
swing_all,derivatives,CNXIT,2026-04-07,SWING_BULLISH_BOS,swing,BOS,LONG,2026-04-07T09:25:00+05:30,2026-04-07T09:30:00+05:30,30853.900391,30821.199219,2026-04-06T09:20:00+05:30,30742.134277,atr_fallback,31077.432617,2.0,74.510742,,,,32,987324.81,3736.52,5.0,2,2026-04-07T09:35:00+05:30,30737.134277,STOP_LOSS,-3736.52,603.63,-4340.15,-0.4396,-1.1615
swing_all,derivatives,CNXIT,2026-04-09,SWING_BEARISH_CHoCH,swing,CHoCH,SHORT,2026-04-09T09:40:00+05:30,2026-04-09T09:45:00+05:30,31156.900391,31274.0,2026-04-08T10:25:00+05:30,31309.273438,atr_fallback,30852.154297,2.0,101.582031,,,,32,997020.81,5035.94,5.0,17,2026-04-09T11:05:00+05:30,31314.273438,STOP_LOSS,-5035.94,613.7,-5649.64,-0.5667,-1.1219
swing_all,derivatives,CNXIT,2026-04-09,SWING_BULLISH_CHoCH,swing,CHoCH,LONG,2026-04-09T12:55:00+05:30,2026-04-09T13:00:00+05:30,31632.800781,31601.900391,2026-04-08T13:35:00+05:30,31551.088239,atr_fallback,31796.225865,2.0,54.475028,,,,31,980616.82,2688.09,5.0,5,2026-04-09T13:20:00+05:30,31546.088239,STOP_LOSS,-2688.09,600.38,-3288.47,-0.3353,-1.2233
swing_all,derivatives,CNXIT,2026-04-10,SWING_BEARISH_CHoCH,swing,CHoCH,SHORT,2026-04-10T09:20:00+05:30,2026-04-10T09:25:00+05:30,31100.699219,31109.050781,2026-04-09T09:45:00+05:30,31256.967076,atr_fallback,30788.163504,2.0,104.178571,,,,32,995222.38,5160.57,5.0,5,2026-04-10T09:45:00+05:30,30793.163504,TARGET,9841.14,604.9,9236.24,0.9281,1.7898
swing_all,derivatives,CNXIT,2026-04-16,SWING_BULLISH_CHoCH,swing,CHoCH,LONG,2026-04-16T09:15:00+05:30,2026-04-16T09:20:00+05:30,31913.199219,31659.349609,2026-04-15T09:20:00+05:30,31830.163295,atr_fallback,32079.271066,2.0,55.357282,,,,31,989309.18,2729.11,5.0,1,2026-04-16T09:20:00+05:30,32074.271066,TARGET,4993.23,609.31,4383.92,0.4431,1.6064
swing_all,derivatives,CNXIT,2026-04-21,SWING_BEARISH_CHoCH,swing,CHoCH,SHORT,2026-04-21T09:15:00+05:30,2026-04-21T09:20:00+05:30,31472.349609,31597.5,2026-04-17T09:40:00+05:30,31567.808245,atr_fallback,31281.432338,2.0,63.63909,,,,31,975642.84,3114.22,5.0,6,2026-04-21T09:45:00+05:30,31572.808245,STOP_LOSS,-3114.22,600.6,-3714.82,-0.3808,-1.1929
swing_all,derivatives,CNXIT,2026-04-23,SWING_BEARISH_BOS,swing,BOS,SHORT,2026-04-23T14:35:00+05:30,2026-04-23T14:40:00+05:30,30182.849609,30189.25,2026-04-23T09:30:00+05:30,30231.577846,atr_fallback,30085.393136,2.0,32.485491,,,,33,996034.04,1773.03,5.0,5,2026-04-23T15:00:00+05:30,30236.577846,STOP_LOSS,-1773.03,611.43,-2384.46,-0.2394,-1.3449
swing_all,derivatives,CNXIT,2026-04-29,SWING_BULLISH_CHoCH,swing,CHoCH,LONG,2026-04-29T09:45:00+05:30,2026-04-29T09:50:00+05:30,29394.599609,29267.300781,2026-04-28T09:15:00+05:30,29289.771415,atr_fallback,29604.255999,2.0,69.885463,,,,34,999416.39,3734.16,5.0,44,2026-04-29T13:25:00+05:30,29383.900391,SESSION_END,-363.77,612.23,-976.0,-0.0977,-0.2614
swing_all,derivatives,NSEBANK,2026-04-06,SWING_BULLISH_BOS,swing,BOS,LONG,2026-04-06T12:55:00+05:30,2026-04-06T13:00:00+05:30,52054.898438,52025.0,2026-04-01T13:15:00+05:30,51897.725307,atr_fallback,52369.244699,2.0,104.782087,,,,19,989043.07,3081.29,5.0,15,2026-04-06T14:10:00+05:30,52364.244699,TARGET,5877.58,609.62,5267.96,0.5326,1.7097
swing_all,derivatives,NSEBANK,2026-04-07,SWING_BULLISH_BOS,swing,BOS,LONG,2026-04-07T15:00:00+05:30,2026-04-07T15:05:00+05:30,52741.351562,52703.800781,2026-04-06T15:15:00+05:30,52598.65904,atr_fallback,53026.736607,2.0,95.128348,,,,18,949344.33,2658.47,5.0,4,2026-04-07T15:20:00+05:30,52720.5,SESSION_END,-375.33,583.9,-959.23,-0.101,-0.3608
swing_all,derivatives,NSEBANK,2026-04-10,SWING_BULLISH_BOS,swing,BOS,LONG,2026-04-10T09:45:00+05:30,2026-04-10T09:50:00+05:30,55756.449219,55753.0,2026-04-08T14:45:00+05:30,55536.120396,atr_fallback,56197.106864,2.0,146.885882,,,,17,947859.64,3830.59,5.0,67,2026-04-10T15:20:00+05:30,55937.101562,SESSION_END,3071.09,584.87,2486.22,0.2623,0.649
swing_all,derivatives,NSEBANK,2026-04-13,SWING_BEARISH_CHoCH,swing,CHoCH,SHORT,2026-04-13T09:15:00+05:30,2026-04-13T09:20:00+05:30,54483.75,54626.851562,2026-04-09T14:30:00+05:30,54758.496931,atr_fallback,53934.256138,2.0,183.164621,,,,18,980707.5,5035.44,5.0,8,2026-04-13T09:55:00+05:30,54763.496931,STOP_LOSS,-5035.44,604.47,-5639.91,-0.5751,-1.12
swing_all,derivatives,NSEBANK,2026-04-15,SWING_BULLISH_CHoCH,swing,CHoCH,LONG,2026-04-15T09:15:00+05:30,2026-04-15T09:20:00+05:30,56669.75,55977.648438,2026-04-10T15:10:00+05:30,56426.423131,atr_fallback,57156.403739,2.0,162.217913,,,,17,963385.75,4221.56,5.0,3,2026-04-15T09:30:00+05:30,56421.423131,STOP_LOSS,-4221.56,589.83,-4811.39,-0.4994,-1.1397
swing_all,derivatives,NSEBANK,2026-04-16,SWING_BULLISH_BOS,swing,BOS,LONG,2026-04-16T09:15:00+05:30,2026-04-16T09:20:00+05:30,56797.550781,56781.75,2026-04-15T09:15:00+05:30,56662.047712,atr_fallback,57068.55692,2.0,90.335379,,,,17,965558.36,2388.55,5.0,1,2026-04-16T09:20:00+05:30,56657.047712,STOP_LOSS,-2388.55,592.02,-2980.57,-0.3087,-1.2479
swing_all,derivatives,NSEBANK,2026-04-16,SWING_BEARISH_CHoCH,swing,CHoCH,SHORT,2026-04-16T12:00:00+05:30,2026-04-16T12:05:00+05:30,56066.25,56109.199219,2026-04-15T11:15:00+05:30,56189.153739,atr_fallback,55820.442522,2.0,81.935826,,,,17,953126.25,2174.36,5.0,30,2026-04-16T14:30:00+05:30,56194.153739,STOP_LOSS,-2174.36,587.38,-2761.74,-0.2898,-1.2701
swing_all,derivatives,NSEBANK,2026-04-21,SWING_BULLISH_CHoCH,swing,CHoCH,LONG,2026-04-21T09:15:00+05:30,2026-04-21T09:20:00+05:30,57010.699219,56832.898438,2026-04-16T09:20:00+05:30,56893.206613,atr_fallback,57245.684431,2.0,78.328404,,,,17,969181.89,2082.37,5.0,16,2026-04-21T10:35:00+05:30,57240.684431,TARGET,3909.75,597.36,3312.39,0.3418,1.5907
swing_all,derivatives,NSEBANK,2026-04-23,SWING_BEARISH_CHoCH,swing,CHoCH,SHORT,2026-04-23T09:15:00+05:30,2026-04-23T09:20:00+05:30,56625.949219,57004.0,2026-04-22T10:00:00+05:30,56749.484515,atr_fallback,56378.878627,2.0,82.356864,,,,17,962641.14,2185.1,5.0,2,2026-04-23T09:25:00+05:30,56754.484515,STOP_LOSS,-2185.1,592.76,-2777.86,-0.2886,-1.2713
swing_all,derivatives,NSEBANK,2026-04-28,SWING_BEARISH_BOS,swing,BOS,SHORT,2026-04-28T11:25:00+05:30,2026-04-28T11:30:00+05:30,55737.601562,55757.050781,2026-04-24T14:05:00+05:30,55825.077009,atr_fallback,55562.65067,2.0,58.316964,,,,17,947539.23,1572.08,5.0,25,2026-04-28T13:30:00+05:30,55567.65067,TARGET,2889.17,581.57,2307.6,0.2435,1.4679
swing_all,derivatives,NSEI,2026-04-07,SWING_BULLISH_BOS,swing,BOS,LONG,2026-04-07T13:30:00+05:30,2026-04-07T13:35:00+05:30,23019.150391,22997.650391,2026-04-06T15:10:00+05:30,22972.31264,atr_fallback,23112.825893,2.0,31.225167,,,,43,989823.47,2229.02,5.0,5,2026-04-07T13:55:00+05:30,22967.31264,STOP_LOSS,-2229.02,605.83,-2834.85,-0.2864,-1.2718
swing_all,derivatives,NSEI,2026-04-10,SWING_BULLISH_BOS,swing,BOS,LONG,2026-04-10T13:55:00+05:30,2026-04-10T14:00:00+05:30,24046.199219,24024.5,2026-04-08T13:35:00+05:30,24021.250628,atr_fallback,24096.096401,2.0,16.632394,,,,41,985894.17,1227.89,5.0,3,2026-04-10T14:10:00+05:30,24016.250628,STOP_LOSS,-1227.89,604.13,-1832.02,-0.1858,-1.492
swing_all,derivatives,NSEI,2026-04-13,SWING_BEARISH_CHoCH,swing,CHoCH,SHORT,2026-04-13T09:15:00+05:30,2026-04-13T09:20:00+05:30,23574.599609,23683.349609,2026-04-09T14:30:00+05:30,23665.756836,atr_fallback,23392.285156,2.0,60.771484,,,,42,990133.18,4038.6,5.0,8,2026-04-13T09:55:00+05:30,23670.756836,STOP_LOSS,-4038.6,609.28,-4647.88,-0.4694,-1.1509
swing_all,derivatives,NSEI,2026-04-15,SWING_BULLISH_CHoCH,swing,CHoCH,LONG,2026-04-15T09:15:00+05:30,2026-04-15T09:20:00+05:30,24236.599609,24073.800781,2026-04-10T15:10:00+05:30,24149.374442,atr_fallback,24411.049944,2.0,58.150112,,,,41,993700.58,3781.23,5.0,4,2026-04-15T09:35:00+05:30,24144.374442,STOP_LOSS,-3781.23,607.21,-4388.44,-0.4416,-1.1606
swing_all,derivatives,NSEI,2026-04-16,SWING_BULLISH_BOS,swing,BOS,LONG,2026-04-16T09:15:00+05:30,2026-04-16T09:20:00+05:30,24395.800781,24273.150391,2026-04-15T10:30:00+05:30,24352.578892,atr_fallback,24482.244559,2.0,28.814593,,,,40,975832.03,1928.88,5.0,4,2026-04-16T09:35:00+05:30,24347.578892,STOP_LOSS,-1928.88,598.07,-2526.95,-0.259,-1.3101
swing_all,derivatives,NSEI,2026-04-16,SWING_BEARISH_CHoCH,swing,CHoCH,SHORT,2026-04-16T12:00:00+05:30,2026-04-16T12:05:00+05:30,24154.5,24174.5,2026-04-15T11:15:00+05:30,24195.996094,atr_fallback,24071.507812,2.0,27.664062,,,,41,990334.5,1906.34,5.0,30,2026-04-16T14:30:00+05:30,24200.996094,STOP_LOSS,-1906.34,608.28,-2514.62,-0.2539,-1.3191
swing_all,derivatives,NSEI,2026-04-21,SWING_BULLISH_CHoCH,swing,CHoCH,LONG,2026-04-21T09:15:00+05:30,2026-04-21T09:20:00+05:30,24473.900391,24400.099609,2026-04-16T09:25:00+05:30,24439.234026,atr_fallback,24543.233119,2.0,23.11091,,,,40,978956.02,1586.65,5.0,19,2026-04-21T10:50:00+05:30,24538.233119,TARGET,2573.31,602.19,1971.12,0.2013,1.2423
swing_all,derivatives,NSEI,2026-04-23,SWING_BEARISH_CHoCH,swing,CHoCH,SHORT,2026-04-23T09:15:00+05:30,2026-04-23T09:20:00+05:30,24197.449219,24353.699219,2026-04-22T10:20:00+05:30,24244.088588,atr_fallback,24104.17048,2.0,31.092913,,,,41,992095.42,2117.21,5.0,3,2026-04-23T09:30:00+05:30,24249.088588,STOP_LOSS,-2117.21,609.38,-2726.59,-0.2748,-1.2878
swing_all,derivatives,NSEI,2026-04-24,SWING_BEARISH_BOS,swing,BOS,SHORT,2026-04-24T09:15:00+05:30,2026-04-24T09:20:00+05:30,24116.150391,24138.849609,2026-04-23T09:15:00+05:30,24157.973772,atr_fallback,24032.503627,2.0,27.882254,,,,41,988762.17,1919.76,5.0,3,2026-04-24T09:30:00+05:30,24037.503627,TARGET,3224.52,604.71,2619.81,0.265,1.3647
swing_all,derivatives,NSEI,2026-04-29,SWING_BULLISH_CHoCH,swing,CHoCH,LONG,2026-04-29T10:00:00+05:30,2026-04-29T10:05:00+05:30,24207.699219,24181.75,2026-04-28T10:25:00+05:30,24151.068987,atr_fallback,24320.959682,2.0,37.753488,,,,41,992515.67,2526.84,5.0,30,2026-04-29T12:30:00+05:30,24315.959682,TARGET,4438.68,610.84,3827.84,0.3857,1.5149
swing_all,equity,BHARTIARTL_NS,2026-04-07,SWING_BULLISH_BOS,swing,BOS,LONG,2026-04-07T10:15:00+05:30,2026-04-07T10:20:00+05:30,1811.2,1809.099976,2026-04-06T09:15:00+05:30,1800.978556,atr_fallback,1831.642889,2.0,6.814296,,,,552,999782.4,5752.64,0.2,58,2026-04-07T15:05:00+05:30,1831.442889,TARGET,11174.07,405.15,10768.92,1.0771,1.872
swing_all,equity,BHARTIARTL_NS,2026-04-09,SWING_BEARISH_CHoCH,swing,CHoCH,SHORT,2026-04-09T10:35:00+05:30,2026-04-09T10:40:00+05:30,1848.200024,1849.0,2026-04-08T10:35:00+05:30,1855.357159,atr_fallback,1833.885754,2.0,4.771423,,,,541,999876.21,3980.21,0.2,18,2026-04-09T12:05:00+05:30,1855.557159,STOP_LOSS,-3980.21,403.11,-4383.32,-0.4384,-1.1013
swing_all,equity,BHARTIARTL_NS,2026-04-10,SWING_BULLISH_CHoCH,swing,CHoCH,LONG,2026-04-10T09:25:00+05:30,2026-04-10T09:30:00+05:30,1871.7,1868.5,2026-04-09T09:20:00+05:30,1863.514309,atr_fallback,1888.071381,2.0,5.457127,,,,534,999487.8,4477.96,0.2,8,2026-04-10T10:05:00+05:30,1863.314309,STOP_LOSS,-4477.96,400.54,-4878.5,-0.4881,-1.0894
swing_all,equity,BHARTIARTL_NS,2026-04-13,SWING_BEARISH_CHoCH,swing,CHoCH,SHORT,2026-04-13T09:15:00+05:30,2026-04-13T09:20:00+05:30,1847.8,1846.300049,2026-04-09T10:45:00+05:30,1855.653616,atr_fallback,1832.092768,2.0,5.235744,,,,541,999659.8,4357.01,0.2,4,2026-04-13T09:35:00+05:30,1855.853616,STOP_LOSS,-4357.01,403.14,-4760.15,-0.4762,-1.0925
swing_all,equity,BHARTIARTL_NS,2026-04-13,SWING_BULLISH_CHoCH,swing,CHoCH,LONG,2026-04-13T11:45:00+05:30,2026-04-13T11:50:00+05:30,1875.7,1874.400024,2026-04-10T09:35:00+05:30,1871.135704,atr_fallback,1884.828592,2.0,3.042864,,,,533,999748.1,2539.37,0.2,5,2026-04-13T12:10:00+05:30,1884.628592,TARGET,4758.94,403.29,4355.65,0.4357,1.7152
swing_all,equity,BHARTIARTL_NS,2026-04-16,SWING_BEARISH_CHoCH,swing,CHoCH,SHORT,2026-04-16T11:20:00+05:30,2026-04-16T11:25:00+05:30,1837.100049,1839.900024,2026-04-13T09:15:00+05:30,1842.082179,atr_fallback,1827.135789,2.0,3.32142,,,,544,999382.43,2819.08,0.2,1,2026-04-16T11:25:00+05:30,1842.282179,STOP_LOSS,-2819.08,402.6,-3221.68,-0.3224,-1.1428
swing_all,equity,BHARTIARTL_NS,2026-04-22,SWING_BEARISH_CHoCH,swing,CHoCH,SHORT,2026-04-22T15:05:00+05:30,2026-04-22T15:10:00+05:30,1827.999951,1830.300049,2026-04-17T10:00:00+05:30,1830.8178,atr_fallback,1822.364253,2.0,1.878566,,,,547,999915.97,1650.76,0.2,3,2026-04-22T15:20:00+05:30,1828.899951,SESSION_END,-492.3,402.12,-894.42,-0.0894,-0.5418
swing_all,equity,BHARTIARTL_NS,2026-04-24,SWING_BEARISH_BOS,swing,BOS,SHORT,2026-04-24T13:40:00+05:30,2026-04-24T13:45:00+05:30,1808.499951,1812.5,2026-04-23T09:15:00+05:30,1811.564234,atr_fallback,1802.371385,2.0,2.042855,,,,552,998291.97,1801.88,0.2,9,2026-04-24T14:25:00+05:30,1811.764234,STOP_LOSS,-1801.88,401.92,-2203.8,-0.2208,-1.2231
swing_all,equity,BHARTIARTL_NS,2026-04-28,SWING_BULLISH_CHoCH,swing,CHoCH,LONG,2026-04-28T09:55:00+05:30,2026-04-28T10:00:00+05:30,1831.399951,1828.400024,2026-04-27T09:15:00+05:30,1824.585681,atr_fallback,1845.028491,2.0,4.542847,,,,546,999944.37,3829.79,0.2,14,2026-04-28T11:05:00+05:30,1844.828491,TARGET,7331.98,404.1,6927.88,0.6928,1.8089
swing_all,equity,HDFCBANK_NS,2026-04-02,SWING_BEARISH_BOS,swing,BOS,SHORT,2026-04-02T09:15:00+05:30,2026-04-02T09:20:00+05:30,727.700024,739.299988,2026-04-01T11:05:00+05:30,731.910744,atr_fallback,719.278585,2.0,2.807146,,,,1374,999859.83,6060.33,0.2,3,2026-04-02T09:30:00+05:30,732.110744,STOP_LOSS,-6060.33,403.7,-6464.03,-0.6465,-1.0666
swing_all,equity,HDFCBANK_NS,2026-04-02,SWING_BULLISH_CHoCH,swing,CHoCH,LONG,2026-04-02T15:05:00+05:30,2026-04-02T15:10:00+05:30,752.150012,750.299988,2026-04-01T14:25:00+05:30,748.651795,atr_fallback,759.146446,2.0,2.332145,,,,1329,999607.37,4914.93,0.2,3,2026-04-02T15:20:00+05:30,749.599988,SESSION_END,-3388.98,400.9,-3789.88,-0.3791,-0.7711
swing_all,equity,HDFCBANK_NS,2026-04-07,SWING_BULLISH_BOS,swing,BOS,LONG,2026-04-07T15:05:00+05:30,2026-04-07T15:10:00+05:30,773.150012,772.599976,2026-04-06T15:10:00+05:30,770.417863,atr_fallback,778.614311,2.0,1.821433,,,,1293,999682.97,3791.27,0.2,1,2026-04-07T15:10:00+05:30,770.217863,STOP_LOSS,-3791.27,400.81,-4192.08,-0.4193,-1.1057
swing_all,equity,HDFCBANK_NS,2026-04-08,SWING_BULLISH_BOS,swing,BOS,LONG,2026-04-08T14:55:00+05:30,2026-04-08T15:00:00+05:30,815.850024,815.0,2026-04-08T09:55:00+05:30,813.803598,atr_fallback,819.942876,2.0,1.364284,,,,1225,999416.28,2751.87,0.2,5,2026-04-08T15:20:00+05:30,816.500012,SESSION_END,796.24,402.03,394.21,0.0394,0.1433
swing_all,equity,HDFCBANK_NS,2026-04-13,SWING_BEARISH_CHoCH,swing,CHoCH,SHORT,2026-04-13T09:15:00+05:30,2026-04-13T09:20:00+05:30,790.200024,793.25,2026-04-09T14:40:00+05:30,795.08038,atr_fallback,780.439313,2.0,3.253571,,,,1265,999603.03,6426.65,0.2,55,2026-04-13T13:50:00+05:30,795.28038,STOP_LOSS,-6426.65,403.72,-6830.37,-0.6833,-1.0628
swing_all,equity,HDFCBANK_NS,2026-04-15,SWING_BULLISH_CHoCH,swing,CHoCH,LONG,2026-04-15T10:00:00+05:30,2026-04-15T10:05:00+05:30,812.749988,812.25,2026-04-10T11:10:00+05:30,808.185692,atr_fallback,821.87858,2.0,3.042864,,,,1230,999682.48,5860.08,0.2,14,2026-04-15T11:10:00+05:30,807.985692,STOP_LOSS,-5860.08,400.22,-6260.3,-0.6262,-1.0683
swing_all,equity,HDFCBANK_NS,2026-04-16,SWING_BULLISH_BOS,swing,BOS,LONG,2026-04-16T09:15:00+05:30,2026-04-16T09:20:00+05:30,817.900012,814.799988,2026-04-15T10:25:00+05:30,815.108955,atr_fallback,823.482126,2.0,1.860705,,,,1222,999473.81,3655.07,0.2,2,2026-04-16T09:25:00+05:30,814.908955,STOP_LOSS,-3655.07,400.77,-4055.84,-0.4058,-1.1096
swing_all,equity,HDFCBANK_NS,2026-04-16,SWING_BEARISH_CHoCH,swing,CHoCH,SHORT,2026-04-16T11:40:00+05:30,2026-04-16T11:45:00+05:30,805.500012,806.5,2026-04-15T11:25:00+05:30,807.45002,atr_fallback,801.599997,2.0,1.300005,,,,1241,999625.52,2668.16,0.2,4,2026-04-16T12:00:00+05:30,801.799997,TARGET,4591.72,400.56,4191.16,0.4193,1.5708
swing_all,equity,HDFCBANK_NS,2026-04-21,SWING_BULLISH_CHoCH,swing,CHoCH,LONG,2026-04-21T10:40:00+05:30,2026-04-21T10:45:00+05:30,804.7,803.900024,2026-04-17T11:50:00+05:30,803.258921,atr_fallback,807.582159,2.0,0.96072,,,,1242,999437.4,2038.22,0.2,1,2026-04-21T10:45:00+05:30,803.058921,STOP_LOSS,-2038.22,401.23,-2439.45,-0.2441,-1.1969
swing_all,equity,HDFCBANK_NS,2026-04-23,SWING_BEARISH_CHoCH,swing,CHoCH,SHORT,2026-04-23T11:25:00+05:30,2026-04-23T11:30:00+05:30,789.649976,790.0,2026-04-20T09:35:00+05:30,791.348194,atr_fallback,786.253539,2.0,1.132145,,,,1266,999696.87,2403.14,0.2,9,2026-04-23T12:10:00+05:30,786.453539,TARGET,4046.69,400.74,3645.95,0.3647,1.5172
swing_all,equity,HDFCBANK_NS,2026-04-28,SWING_BULLISH_CHoCH,swing,CHoCH,LONG,2026-04-28T10:00:00+05:30,2026-04-28T10:05:00+05:30,793.400012,792.799988,2026-04-27T09:15:00+05:30,790.946425,atr_fallback,798.307186,2.0,1.635725,,,,1260,999684.02,3343.52,0.2,7,2026-04-28T10:35:00+05:30,790.746425,STOP_LOSS,-3343.52,400.94,-3744.46,-0.3746,-1.1199
swing_all,equity,HDFCBANK_NS,2026-04-28,SWING_BEARISH_CHoCH,swing,CHoCH,SHORT,2026-04-28T14:00:00+05:30,2026-04-28T14:05:00+05:30,784.55,784.849976,2026-04-28T09:15:00+05:30,786.285729,atr_fallback,781.078543,2.0,1.157152,,,,1274,999516.7,2466.12,0.2,6,2026-04-28T14:30:00+05:30,786.485729,STOP_LOSS,-2466.12,402.55,-2868.67,-0.287,-1.1632
swing_all,equity,ICICIBANK_NS,2026-04-07,SWING_BULLISH_BOS,swing,BOS,LONG,2026-04-07T13:30:00+05:30,2026-04-07T13:35:00+05:30,1238.399951,1234.400024,2026-04-06T15:15:00+05:30,1233.814245,atr_fallback,1247.571364,2.0,3.057138,,,,807,999388.76,3862.07,0.2,5,2026-04-07T13:55:00+05:30,1233.614245,STOP_LOSS,-3862.06,400.69,-4262.75,-0.4265,-1.1037
swing_all,equity,ICICIBANK_NS,2026-04-10,SWING_BULLISH_BOS,swing,BOS,LONG,2026-04-10T09:55:00+05:30,2026-04-10T10:00:00+05:30,1314.899951,1314.300049,2026-04-08T12:55:00+05:30,1306.77853,atr_fallback,1331.142793,2.0,5.41428,,,,760,999323.96,6324.28,0.2,65,2026-04-10T15:20:00+05:30,1321.399976,SESSION_END,4940.02,403.19,4536.83,0.454,0.7174
swing_all,equity,ICICIBANK_NS,2026-04-13,SWING_BULLISH_BOS,swing,BOS,LONG,2026-04-13T11:35:00+05:30,2026-04-13T11:40:00+05:30,1325.100024,1323.599976,2026-04-10T10:25:00+05:30,1321.542874,atr_fallback,1332.214326,2.0,2.371434,,,,754,999125.42,2832.89,0.2,13,2026-04-13T12:40:00+05:30,1332.014326,TARGET,5213.38,403.2,4810.18,0.4814,1.698
swing_all,equity,ICICIBANK_NS,2026-04-16,SWING_BULLISH_BOS,swing,BOS,LONG,2026-04-16T09:15:00+05:30,2026-04-16T09:20:00+05:30,1365.799976,1363.800049,2026-04-15T09:15:00+05:30,1359.74643,atr_fallback,1377.907066,2.0,4.035697,,,,732,999765.58,4577.6,0.2,1,2026-04-16T09:20:00+05:30,1359.54643,STOP_LOSS,-4577.6,400.61,-4978.21,-0.4979,-1.0875
swing_all,equity,ICICIBANK_NS,2026-04-17,SWING_BEARISH_CHoCH,swing,CHoCH,SHORT,2026-04-17T09:55:00+05:30,2026-04-17T10:00:00+05:30,1335.8,1338.0,2026-04-15T11:15:00+05:30,1341.542855,atr_fallback,1324.314291,2.0,3.82857,,,,748,999178.4,4445.26,0.2,23,2026-04-17T11:50:00+05:30,1341.742855,STOP_LOSS,-4445.26,403.0,-4848.26,-0.4852,-1.0907
swing_all,equity,ICICIBANK_NS,2026-04-20,SWING_BULLISH_CHoCH,swing,CHoCH,LONG,2026-04-20T09:20:00+05:30,2026-04-20T09:25:00+05:30,1367.799976,1366.599976,2026-04-16T09:15:00+05:30,1361.69282,atr_fallback,1380.014287,2.0,4.071437,,,,731,999861.78,4610.53,0.2,10,2026-04-20T15:05:00+05:30,1361.49282,STOP_LOSS,-4610.53,400.64,-5011.17,-0.5012,-1.0869
swing_all,equity,ICICIBANK_NS,2026-04-23,SWING_BEARISH_CHoCH,swing,CHoCH,SHORT,2026-04-23T09:15:00+05:30,2026-04-23T09:20:00+05:30,1349.700024,1365.0,2026-04-22T10:00:00+05:30,1353.953604,atr_fallback,1341.192866,2.0,2.83572,,,,740,998778.02,3295.65,0.2,73,2026-04-23T15:20:00+05:30,1346.399951,SESSION_END,2442.05,400.88,2041.17,0.2044,0.6194
swing_all,equity,ICICIBANK_NS,2026-04-24,SWING_BEARISH_BOS,swing,BOS,SHORT,2026-04-24T09:15:00+05:30,2026-04-24T09:20:00+05:30,1338.399976,1343.599976,2026-04-23T09:25:00+05:30,1342.642817,atr_fallback,1329.914293,2.0,2.828561,,,,747,999784.78,3318.8,0.2,14,2026-04-24T10:25:00+05:30,1330.114293,TARGET,6189.41,400.16,5789.25,0.579,1.7444
swing_all,equity,INFY_NS,2026-04-07,SWING_BEARISH_BOS,swing,BOS,SHORT,2026-04-07T09:15:00+05:30,2026-04-07T09:20:00+05:30,1300.600049,1302.699951,2026-04-06T09:40:00+05:30,1304.735787,atr_fallback,1292.328573,2.0,2.757159,,,,768,998860.84,3329.85,0.2,1,2026-04-07T09:20:00+05:30,1304.935787,STOP_LOSS,-3329.85,402.56,-3732.41,-0.3737,-1.1209
swing_all,equity,INFY_NS,2026-04-07,SWING_BULLISH_CHoCH,swing,CHoCH,LONG,2026-04-07T10:00:00+05:30,2026-04-07T10:05:00+05:30,1321.2,1320.0,2026-04-06T09:20:00+05:30,1313.271415,atr_fallback,1337.057169,2.0,5.285723,,,,756,998827.2,6145.21,0.2,19,2026-04-07T11:35:00+05:30,1336.857169,TARGET,11836.82,405.0,11431.82,1.1445,1.8603
swing_all,equity,INFY_NS,2026-04-09,SWING_BEARISH_CHoCH,swing,CHoCH,SHORT,2026-04-09T09:15:00+05:30,2026-04-09T09:20:00+05:30,1321.600049,1331.099976,2026-04-08T10:30:00+05:30,1328.714311,atr_fallback,1307.371524,2.0,4.742841,,,,756,999129.64,5529.58,0.2,2,2026-04-09T09:25:00+05:30,1328.914311,STOP_LOSS,-5529.58,403.29,-5932.87,-0.5938,-1.0729
swing_all,equity,INFY_NS,2026-04-10,SWING_BEARISH_BOS,swing,BOS,SHORT,2026-04-10T09:15:00+05:30,2026-04-10T09:20:00+05:30,1307.200024,1314.099976,2026-04-09T09:45:00+05:30,1315.782191,atr_fallback,1290.035692,2.0,5.721444,,,,764,998700.82,6709.58,0.2,5,2026-04-10T09:40:00+05:30,1290.235692,TARGET,12960.75,397.83,12562.92,1.2579,1.8724
swing_all,equity,INFY_NS,2026-04-16,SWING_BULLISH_CHoCH,swing,CHoCH,LONG,2026-04-16T09:15:00+05:30,2026-04-16T09:20:00+05:30,1323.2,1322.5,2026-04-15T09:20:00+05:30,1318.442868,atr_fallback,1332.714265,2.0,3.171422,,,,755,999016.0,3742.63,0.2,14,2026-04-16T10:25:00+05:30,1318.242868,STOP_LOSS,-3742.63,400.59,-4143.22,-0.4147,-1.107
swing_all,equity,INFY_NS,2026-04-21,SWING_BEARISH_CHoCH,swing,CHoCH,SHORT,2026-04-21T09:15:00+05:30,2026-04-21T09:20:00+05:30,1302.200024,1306.900024,2026-04-17T09:15:00+05:30,1307.300035,atr_fallback,1292.000003,2.0,3.400007,,,,767,998787.42,4065.11,0.2,6,2026-04-21T09:45:00+05:30,1307.500035,STOP_LOSS,-4065.11,402.75,-4467.86,-0.4473,-1.0991
swing_all,equity,INFY_NS,2026-04-22,SWING_BEARISH_BOS,swing,BOS,SHORT,2026-04-22T09:15:00+05:30,2026-04-22T09:20:00+05:30,1279.600049,1299.400024,2026-04-21T09:15:00+05:30,1287.496498,atr_fallback,1263.80715,2.0,5.2643,,,,781,999367.64,6323.33,0.2,13,2026-04-22T10:20:00+05:30,1264.00715,TARGET,12178.05,398.29,11779.76,1.1787,1.8629
swing_all,equity,INFY_NS,2026-04-28,SWING_BEARISH_BOS,swing,BOS,SHORT,2026-04-28T12:55:00+05:30,2026-04-28T13:00:00+05:30,1151.700024,1152.5,2026-04-24T14:05:00+05:30,1154.132162,atr_fallback,1146.835749,2.0,1.621425,,,,868,999675.62,2284.7,0.2,4,2026-04-28T13:15:00+05:30,1154.332162,STOP_LOSS,-2284.7,402.55,-2687.25,-0.2688,-1.1762
swing_all,equity,ITC_NS,2026-04-06,SWING_BULLISH_BOS,swing,BOS,LONG,2026-04-06T14:45:00+05:30,2026-04-06T14:50:00+05:30,294.45,293.950012,2026-04-06T09:20:00+05:30,293.807143,atr_fallback,295.735714,2.0,0.428571,,,,3396,999952.2,2862.34,0.2,2,2026-04-06T14:55:00+05:30,293.607143,STOP_LOSS,-2862.34,401.17,-3263.51,-0.3264,-1.1402
swing_all,equity,ITC_NS,2026-04-09,SWING_BEARISH_CHoCH,swing,CHoCH,SHORT,2026-04-09T14:35:00+05:30,2026-04-09T14:40:00+05:30,302.150006,302.399994,2026-04-09T10:05:00+05:30,302.632152,atr_fallback,301.185714,2.0,0.321431,,,,3309,999814.37,2257.22,0.2,1,2026-04-09T14:40:00+05:30,302.832152,STOP_LOSS,-2257.22,402.59,-2659.81,-0.266,-1.1784
swing_all,equity,ITC_NS,2026-04-10,SWING_BULLISH_CHoCH,swing,CHoCH,LONG,2026-04-10T09:50:00+05:30,2026-04-10T09:55:00+05:30,305.099994,304.399994,2026-04-09T09:20:00+05:30,304.258925,atr_fallback,306.782132,2.0,0.560713,,,,3277,999812.68,3411.58,0.2,3,2026-04-10T10:05:00+05:30,304.058925,STOP_LOSS,-3411.58,400.97,-3812.55,-0.3813,-1.1175
swing_all,equity,ITC_NS,2026-04-16,SWING_BULLISH_BOS,swing,BOS,LONG,2026-04-16T11:15:00+05:30,2026-04-16T11:20:00+05:30,304.499988,304.0,2026-04-15T12:45:00+05:30,303.905346,atr_fallback,305.689271,2.0,0.396428,,,,3284,999977.96,2609.6,0.2,5,2026-04-16T11:40:00+05:30,303.705346,STOP_LOSS,-2609.6,401.25,-3010.85,-0.3011,-1.1538
swing_all,equity,ITC_NS,2026-04-20,SWING_BEARISH_CHoCH,swing,CHoCH,SHORT,2026-04-20T15:05:00+05:30,2026-04-20T15:10:00+05:30,305.150006,305.549988,2026-04-17T09:35:00+05:30,306.173216,atr_fallback,303.103587,2.0,0.68214,,,,3277,999976.57,4008.46,0.2,3,2026-04-20T15:20:00+05:30,304.800006,SESSION_END,1146.95,401.67,745.28,0.0745,0.1859
swing_all,equity,ITC_NS,2026-04-21,SWING_BULLISH_CHoCH,swing,CHoCH,LONG,2026-04-21T15:15:00+05:30,2026-04-21T15:20:00+05:30,310.849994,309.899994,2026-04-17T10:40:00+05:30,309.628563,atr_fallback,313.292856,2.0,0.814287,,,,3216,999693.58,4571.32,0.2,1,2026-04-21T15:20:00+05:30,310.750012,SESSION_END,-321.54,401.81,-723.35,-0.0724,-0.1582
swing_all,equity,ITC_NS,2026-04-23,SWING_BEARISH_CHoCH,swing,CHoCH,SHORT,2026-04-23T09:15:00+05:30,2026-04-23T09:20:00+05:30,304.099988,304.450012,2026-04-20T15:20:00+05:30,304.753557,atr_fallback,302.79285,2.0,0.435713,,,,3288,999880.76,2806.53,0.2,1,2026-04-23T09:20:00+05:30,304.953557,STOP_LOSS,-2806.53,402.78,-3209.31,-0.321,-1.1435
swing_all,equity,ITC_NS,2026-04-24,SWING_BEARISH_BOS,swing,BOS,SHORT,2026-04-24T09:15:00+05:30,2026-04-24T09:20:00+05:30,303.699994,304.399994,2026-04-23T10:50:00+05:30,304.498206,atr_fallback,302.103569,2.0,0.532142,,,,3292,999780.38,3286.11,0.2,16,2026-04-24T10:35:00+05:30,304.698206,STOP_LOSS,-3286.11,402.88,-3688.99,-0.369,-1.1226
swing_all,equity,ITC_NS,2026-04-29,SWING_BULLISH_CHoCH,swing,CHoCH,LONG,2026-04-29T09:15:00+05:30,2026-04-29T09:20:00+05:30,307.550006,305.600006,2026-04-27T09:50:00+05:30,306.591076,atr_fallback,309.467866,2.0,0.639287,,,,3251,999845.07,3767.68,0.2,1,2026-04-29T09:20:00+05:30,309.267866,TARGET,5584.76,403.56,5181.2,0.5182,1.3752
swing_all,equity,KOTAKBANK_NS,2026-04-06,SWING_BULLISH_BOS,swing,BOS,LONG,2026-04-06T14:15:00+05:30,2026-04-06T14:20:00+05:30,360.150012,359.799988,2026-04-02T15:05:00+05:30,358.874997,atr_fallback,362.700044,2.0,0.85001,,,,2776,999776.43,4094.64,0.2,13,2026-04-06T15:20:00+05:30,360.500012,SESSION_END,971.6,402.21,569.39,0.057,0.1391
swing_all,equity,KOTAKBANK_NS,2026-04-07,SWING_BULLISH_BOS,swing,BOS,LONG,2026-04-07T14:55:00+05:30,2026-04-07T15:00:00+05:30,362.300006,362.049988,2026-04-07T09:25:00+05:30,361.019657,atr_fallback,364.860703,2.0,0.853566,,,,2760,999948.02,4085.76,0.2,5,2026-04-07T15:20:00+05:30,363.400006,SESSION_END,3036.0,402.87,2633.13,0.2633,0.6445
swing_all,equity,KOTAKBANK_NS,2026-04-08,SWING_BULLISH_BOS,swing,BOS,LONG,2026-04-08T14:20:00+05:30,2026-04-08T14:25:00+05:30,380.300006,380.0,2026-04-08T09:15:00+05:30,379.094649,atr_fallback,382.71072,2.0,0.803571,,,,2629,999808.72,3694.68,0.2,1,2026-04-08T14:25:00+05:30,378.894649,STOP_LOSS,-3694.68,400.88,-4095.56,-0.4096,-1.1085
swing_all,equity,KOTAKBANK_NS,2026-04-09,SWING_BEARISH_CHoCH,swing,CHoCH,SHORT,2026-04-09T13:20:00+05:30,2026-04-09T13:25:00+05:30,371.500012,372.450012,2026-04-08T10:10:00+05:30,372.416082,atr_fallback,369.667872,2.0,0.610713,,,,2691,999706.53,3003.34,0.2,7,2026-04-09T13:55:00+05:30,369.867872,TARGET,4392.09,400.65,3991.44,0.3993,1.329
swing_all,equity,KOTAKBANK_NS,2026-04-13,SWING_BEARISH_BOS,swing,BOS,SHORT,2026-04-13T09:15:00+05:30,2026-04-13T09:20:00+05:30,367.199994,369.549988,2026-04-09T14:00:00+05:30,369.085715,atr_fallback,363.428551,2.0,1.257148,,,,2723,999885.58,5679.42,0.2,14,2026-04-13T10:25:00+05:30,369.285715,STOP_LOSS,-5679.42,403.6,-6083.02,-0.6084,-1.0711
swing_all,equity,KOTAKBANK_NS,2026-04-15,SWING_BULLISH_CHoCH,swing,CHoCH,LONG,2026-04-15T09:15:00+05:30,2026-04-15T09:20:00+05:30,379.749988,379.0,2026-04-10T11:35:00+05:30,377.360697,atr_fallback,384.52857,2.0,1.592861,,,,2633,999881.72,6817.6,0.2,5,2026-04-15T09:40:00+05:30,377.160697,STOP_LOSS,-6817.6,400.01,-7217.61,-0.7218,-1.0587
swing_all,equity,KOTAKBANK_NS,2026-04-16,SWING_BULLISH_BOS,swing,BOS,LONG,2026-04-16T09:20:00+05:30,2026-04-16T09:25:00+05:30,383.300006,382.799988,2026-04-15T09:15:00+05:30,382.196436,atr_fallback,385.507146,2.0,0.735713,,,,2608,999646.42,3399.71,0.2,12,2026-04-16T10:20:00+05:30,385.307146,TARGET,5234.62,403.39,4831.23,0.4833,1.4211
swing_all,equity,KOTAKBANK_NS,2026-04-22,SWING_BEARISH_CHoCH,swing,CHoCH,SHORT,2026-04-22T09:55:00+05:30,2026-04-22T10:00:00+05:30,378.05,378.350006,2026-04-20T15:15:00+05:30,379.550003,atr_fallback,375.049993,2.0,1.000002,,,,2645,999942.25,4496.51,0.2,9,2026-04-22T10:40:00+05:30,379.750003,STOP_LOSS,-4496.51,403.28,-4899.79,-0.49,-1.0897
swing_all,equity,KOTAKBANK_NS,2026-04-27,SWING_BULLISH_CHoCH,swing,CHoCH,LONG,2026-04-27T09:15:00+05:30,2026-04-27T09:20:00+05:30,376.400012,372.600006,2026-04-24T09:15:00+05:30,374.878586,atr_fallback,379.442865,2.0,1.014284,,,,2656,999718.43,4572.11,0.2,2,2026-04-27T09:25:00+05:30,379.242865,TARGET,7550.62,404.08,7146.54,0.7149,1.5631
swing_all,equity,KOTAKBANK_NS,2026-04-28,SWING_BULLISH_BOS,swing,BOS,LONG,2026-04-28T09:35:00+05:30,2026-04-28T09:40:00+05:30,380.800006,380.450012,2026-04-27T10:20:00+05:30,379.085714,atr_fallback,384.228591,2.0,1.142862,,,,2626,999980.82,5026.93,0.2,33,2026-04-28T12:20:00+05:30,378.885714,STOP_LOSS,-5026.93,400.56,-5427.49,-0.5428,-1.0797
swing_all,equity,KOTAKBANK_NS,2026-04-29,SWING_BULLISH_BOS,swing,BOS,LONG,2026-04-29T10:10:00+05:30,2026-04-29T10:15:00+05:30,384.45,383.200012,2026-04-28T10:05:00+05:30,382.687499,atr_fallback,387.975003,2.0,1.175001,,,,2601,999954.45,5104.47,0.2,12,2026-04-29T11:10:00+05:30,382.487499,STOP_LOSS,-5104.47,400.53,-5505.0,-0.5505,-1.0785
swing_all,equity,LT_NS,2026-04-08,SWING_BULLISH_BOS,swing,BOS,LONG,2026-04-08T09:15:00+05:30,2026-04-08T09:20:00+05:30,4003.7,3736.800049,2026-04-06T15:15:00+05:30,3960.960699,atr_fallback,4089.178603,2.0,28.492868,,,,232,928858.4,9961.92,0.2,73,2026-04-08T15:20:00+05:30,4011.100049,SESSION_END,1716.81,377.26,1339.55,0.1442,0.1345
swing_all,equity,LT_NS,2026-04-13,SWING_BEARISH_CHoCH,swing,CHoCH,SHORT,2026-04-13T09:15:00+05:30,2026-04-13T09:20:00+05:30,3848.8,3886.0,2026-04-09T13:45:00+05:30,3873.314265,atr_fallback,3799.77147,2.0,16.342843,,,,259,996839.2,6400.99,0.2,1,2026-04-13T09:20:00+05:30,3873.514265,STOP_LOSS,-6400.99,402.73,-6803.72,-0.6825,-1.0629
swing_all,equity,LT_NS,2026-04-13,SWING_BULLISH_CHoCH,swing,CHoCH,LONG,2026-04-13T13:35:00+05:30,2026-04-13T13:40:00+05:30,3965.500049,3965.0,2026-04-10T13:55:00+05:30,3953.146551,atr_fallback,3990.207045,2.0,8.235665,,,,252,999306.01,3163.48,0.2,6,2026-04-13T14:05:00+05:30,3952.946551,STOP_LOSS,-3163.48,400.86,-3564.34,-0.3567,-1.1267
swing_all,equity,LT_NS,2026-04-17,SWING_BEARISH_CHoCH,swing,CHoCH,SHORT,2026-04-17T12:15:00+05:30,2026-04-17T12:20:00+05:30,4089.499951,4090.0,2026-04-16T13:25:00+05:30,4096.035665,atr_fallback,4076.428523,2.0,4.357143,,,,244,997837.99,1643.51,0.2,4,2026-04-17T12:35:00+05:30,4076.628523,TARGET,3140.63,400.34,2740.29,0.2746,1.6673
swing_all,equity,LT_NS,2026-04-22,SWING_BEARISH_BOS,swing,BOS,SHORT,2026-04-22T09:45:00+05:30,2026-04-22T09:50:00+05:30,4034.499951,4039.0,2026-04-21T09:15:00+05:30,4045.932115,atr_fallback,4011.635624,2.0,7.621443,,,,247,996521.49,2873.14,0.2,12,2026-04-22T10:45:00+05:30,4046.132115,STOP_LOSS,-2873.14,401.6,-3274.74,-0.3286,-1.1398
swing_all,equity,LT_NS,2026-04-27,SWING_BULLISH_CHoCH,swing,CHoCH,LONG,2026-04-27T13:15:00+05:30,2026-04-27T13:20:00+05:30,4088.300098,4088.0,2026-04-24T09:15:00+05:30,4081.957272,atr_fallback,4100.985749,2.0,4.228551,,,,244,997545.22,1596.45,0.2,4,2026-04-27T13:35:00+05:30,4081.757272,STOP_LOSS,-1596.45,400.68,-1997.13,-0.2002,-1.251
swing_all,equity,LT_NS,2026-04-29,SWING_BULLISH_BOS,swing,BOS,LONG,2026-04-29T11:00:00+05:30,2026-04-29T11:05:00+05:30,4091.000049,4089.399902,2026-04-27T13:15:00+05:30,4081.571556,atr_fallback,4109.857035,2.0,6.285662,,,,244,998204.01,2349.35,0.2,14,2026-04-29T12:10:00+05:30,4109.657035,TARGET,4552.3,402.68,4149.62,0.4157,1.7663
swing_all,equity,RELIANCE_NS,2026-04-06,SWING_BEARISH_BOS,swing,BOS,SHORT,2026-04-06T09:25:00+05:30,2026-04-06T09:30:00+05:30,1324.999951,1328.099976,2026-04-02T10:25:00+05:30,1334.12853,atr_fallback,1306.742793,2.0,6.08572,,,,754,999049.96,7033.75,0.2,17,2026-04-06T10:50:00+05:30,1306.942793,TARGET,13615.1,397.76,13217.34,1.323,1.8791
swing_all,equity,RELIANCE_NS,2026-04-08,SWING_BULLISH_CHoCH,swing,CHoCH,LONG,2026-04-08T09:15:00+05:30,2026-04-08T09:20:00+05:30,1334.2,1307.0,2026-04-06T15:10:00+05:30,1325.596449,atr_fallback,1351.407101,2.0,5.7357,,,,749,999315.8,6593.86,0.2,73,2026-04-08T15:20:00+05:30,1348.499951,SESSION_END,10710.66,404.85,10305.81,1.0313,1.5629
swing_all,equity,RELIANCE_NS,2026-04-10,SWING_BULLISH_BOS,swing,BOS,LONG,2026-04-10T15:05:00+05:30,2026-04-10T15:10:00+05:30,1351.7,1350.800049,2026-04-10T09:50:00+05:30,1347.682143,atr_fallback,1359.735714,2.0,2.678571,,,,739,998906.3,3117.0,0.2,3,2026-04-10T15:20:00+05:30,1349.399976,SESSION_END,-1699.72,401.14,-2100.86,-0.2103,-0.674
swing_all,equity,RELIANCE_NS,2026-04-13,SWING_BEARISH_CHoCH,swing,CHoCH,SHORT,2026-04-13T09:15:00+05:30,2026-04-13T09:20:00+05:30,1316.8,1326.699951,2026-04-09T15:05:00+05:30,1324.707135,atr_fallback,1300.98573,2.0,5.271423,,,,759,999451.2,6153.32,0.2,13,2026-04-13T10:20:00+05:30,1324.907135,STOP_LOSS,-6153.32,403.59,-6556.91,-0.6561,-1.0656
swing_all,equity,RELIANCE_NS,2026-04-17,SWING_BULLISH_CHoCH,swing,CHoCH,LONG,2026-04-17T11:05:00+05:30,2026-04-17T11:10:00+05:30,1357.2,1352.0,2026-04-16T09:15:00+05:30,1354.703527,atr_fallback,1362.192946,2.0,1.664315,,,,736,998899.2,1984.6,0.2,1,2026-04-17T11:10:00+05:30,1361.992946,TARGET,3527.61,402.64,3124.97,0.3128,1.5746
swing_all,equity,RELIANCE_NS,2026-04-21,SWING_BEARISH_CHoCH,swing,CHoCH,SHORT,2026-04-21T13:15:00+05:30,2026-04-21T13:20:00+05:30,1352.700024,1352.900024,2026-04-20T09:15:00+05:30,1355.732173,atr_fallback,1346.635728,2.0,2.021432,,,,739,999645.32,2388.56,0.2,3,2026-04-21T13:30:00+05:30,1355.932173,STOP_LOSS,-2388.56,402.57,-2791.13,-0.2792,-1.1685
swing_all,equity,RELIANCE_NS,2026-04-23,SWING_BEARISH_BOS,swing,BOS,SHORT,2026-04-23T10:30:00+05:30,2026-04-23T10:35:00+05:30,1349.499951,1350.199951,2026-04-22T10:00:00+05:30,1352.382136,atr_fallback,1343.735582,2.0,1.921456,,,,741,999979.46,2283.9,0.2,32,2026-04-23T13:10:00+05:30,1352.582136,STOP_LOSS,-2283.9,402.66,-2686.56,-0.2687,-1.1763
swing_all,equity,RELIANCE_NS,2026-04-28,SWING_BULLISH_CHoCH,swing,CHoCH,LONG,2026-04-28T09:40:00+05:30,2026-04-28T09:45:00+05:30,1367.500049,1365.900024,2026-04-22T15:15:00+05:30,1361.467901,atr_fallback,1379.564345,2.0,4.021432,,,,731,999642.54,4555.7,0.2,14,2026-04-28T10:50:00+05:30,1379.364345,TARGET,8672.8,404.38,8268.42,0.8271,1.815
swing_all,equity,SBIN_NS,2026-04-06,SWING_BULLISH_BOS,swing,BOS,LONG,2026-04-06T15:05:00+05:30,2026-04-06T15:10:00+05:30,1034.899951,1029.0,2026-04-06T09:35:00+05:30,1030.485677,atr_fallback,1043.728499,2.0,2.942849,,,,966,999713.35,4457.39,0.2,3,2026-04-06T15:20:00+05:30,1033.05,SESSION_END,-1787.05,401.4,-2188.45,-0.2189,-0.491
swing_all,equity,SBIN_NS,2026-04-08,SWING_BULLISH_BOS,swing,BOS,LONG,2026-04-08T09:15:00+05:30,2026-04-08T09:20:00+05:30,1071.250049,1035.5,2026-04-06T15:10:00+05:30,1061.864331,atr_fallback,1090.021485,2.0,6.257145,,,,933,999476.3,8943.48,0.2,69,2026-04-08T15:00:00+05:30,1061.664331,STOP_LOSS,-8943.47,399.26,-9342.73,-0.9348,-1.0446
swing_all,equity,SBIN_NS,2026-04-13,SWING_BEARISH_CHoCH,swing,CHoCH,SHORT,2026-04-13T09:15:00+05:30,2026-04-13T09:20:00+05:30,1037.350049,1038.349976,2026-04-09T13:20:00+05:30,1043.617906,atr_fallback,1024.814335,2.0,4.178571,,,,963,998968.1,6228.55,0.2,26,2026-04-13T11:25:00+05:30,1043.817906,STOP_LOSS,-6228.55,403.44,-6631.99,-0.6639,-1.0648
swing_all,equity,SBIN_NS,2026-04-15,SWING_BULLISH_CHoCH,swing,CHoCH,LONG,2026-04-15T09:15:00+05:30,2026-04-15T09:20:00+05:30,1084.100024,1069.400024,2026-04-10T14:10:00+05:30,1077.87504,atr_fallback,1096.549993,2.0,4.14999,,,,922,999540.22,5923.84,0.2,4,2026-04-15T09:35:00+05:30,1077.67504,STOP_LOSS,-5923.84,400.15,-6323.99,-0.6327,-1.0675
swing_all,equity,SBIN_NS,2026-04-16,SWING_BEARISH_CHoCH,swing,CHoCH,SHORT,2026-04-16T11:55:00+05:30,2026-04-16T12:00:00+05:30,1066.55,1068.25,2026-04-15T11:30:00+05:30,1069.298217,atr_fallback,1061.053566,2.0,1.832145,,,,937,999357.35,2762.48,0.2,23,2026-04-16T13:50:00+05:30,1069.498217,STOP_LOSS,-2762.48,402.58,-3165.06,-0.3167,-1.1457
swing_all,equity,SBIN_NS,2026-04-20,SWING_BULLISH_CHoCH,swing,CHoCH,LONG,2026-04-20T09:15:00+05:30,2026-04-20T09:20:00+05:30,1089.299976,1084.0,2026-04-16T09:15:00+05:30,1085.319603,atr_fallback,1097.260721,2.0,2.653582,,,,918,999977.38,3837.58,0.2,1,2026-04-20T09:20:00+05:30,1097.060721,TARGET,7124.36,404.05,6720.31,0.672,1.7512
swing_all,equity,SBIN_NS,2026-04-22,SWING_BEARISH_CHoCH,swing,CHoCH,SHORT,2026-04-22T09:35:00+05:30,2026-04-22T09:40:00+05:30,1105.55,1105.949951,2026-04-21T10:25:00+05:30,1110.135706,atr_fallback,1096.378587,2.0,3.057138,,,,904,999417.2,4326.28,0.2,15,2026-04-22T10:50:00+05:30,1110.335706,STOP_LOSS,-4326.28,403.05,-4729.33,-0.4732,-1.0932
swing_all,equity,SBIN_NS,2026-04-23,SWING_BEARISH_BOS,swing,BOS,SHORT,2026-04-23T09:15:00+05:30,2026-04-23T09:20:00+05:30,1099.05,1100.5,2026-04-22T10:00:00+05:30,1101.782156,atr_fallback,1093.585688,2.0,1.821437,,,,909,999036.45,2665.33,0.2,38,2026-04-23T12:25:00+05:30,1093.785688,TARGET,4785.26,400.29,4384.97,0.4389,1.6452
swing_all,equity,SBIN_NS,2026-04-24,SWING_BULLISH_CHoCH,swing,CHoCH,LONG,2026-04-24T14:30:00+05:30,2026-04-24T14:35:00+05:30,1102.899951,1101.349976,2026-04-24T09:15:00+05:30,1100.124949,atr_fallback,1108.449956,2.0,1.850002,,,,906,999227.36,2695.35,0.2,6,2026-04-24T15:00:00+05:30,1099.924949,STOP_LOSS,-2695.35,400.96,-3096.31,-0.3099,-1.1488
swing_all,equity,SBIN_NS,2026-04-28,SWING_BEARISH_CHoCH,swing,CHoCH,SHORT,2026-04-28T14:25:00+05:30,2026-04-28T14:30:00+05:30,1089.399976,1090.5,2026-04-24T09:45:00+05:30,1092.083909,atr_fallback,1084.032108,2.0,1.789289,,,,917,998979.78,2644.57,0.2,1,2026-04-28T14:30:00+05:30,1092.283909,STOP_LOSS,-2644.57,402.41,-3046.98,-0.305,-1.1522
swing_all,equity,TCS_NS,2026-04-06,SWING_BULLISH_BOS,swing,BOS,LONG,2026-04-06T09:15:00+05:30,2026-04-06T09:20:00+05:30,2472.899951,2471.100098,2026-04-01T10:05:00+05:30,2460.310639,atr_fallback,2498.078575,2.0,8.392875,,,,404,999051.58,5166.88,0.2,3,2026-04-06T09:30:00+05:30,2460.110639,STOP_LOSS,-5166.88,400.19,-5567.07,-0.5572,-1.0775
swing_all,equity,TCS_NS,2026-04-09,SWING_BULLISH_BOS,swing,BOS,LONG,2026-04-09T11:30:00+05:30,2026-04-09T11:35:00+05:30,2586.899951,2579.699951,2026-04-08T09:15:00+05:30,2576.314232,atr_fallback,2608.07139,2.0,7.057146,,,,386,998543.38,4163.29,0.2,33,2026-04-09T14:15:00+05:30,2576.114232,STOP_LOSS,-4163.29,400.3,-4563.59,-0.457,-1.0961
swing_all,equity,TCS_NS,2026-04-10,SWING_BEARISH_CHoCH,swing,CHoCH,SHORT,2026-04-10T09:20:00+05:30,2026-04-10T09:25:00+05:30,2536.900098,2540.5,2026-04-08T09:25:00+05:30,2553.603632,atr_fallback,2503.493028,2.0,11.13569,,,,394,999538.64,6659.99,0.2,19,2026-04-10T10:55:00+05:30,2503.693028,TARGET,13083.59,398.09,12685.5,1.2691,1.9047
swing_all,equity,TCS_NS,2026-04-13,SWING_BEARISH_BOS,swing,BOS,SHORT,2026-04-13T09:15:00+05:30,2026-04-13T09:20:00+05:30,2490.699902,2501.100098,2026-04-10T11:10:00+05:30,2499.914136,atr_fallback,2472.271436,2.0,6.142822,,,,401,998770.66,3775.11,0.2,69,2026-04-13T15:00:00+05:30,2472.471436,TARGET,7309.61,399.47,6910.14,0.6919,1.8304
swing_all,equity,TCS_NS,2026-04-15,SWING_BULLISH_CHoCH,swing,CHoCH,LONG,2026-04-15T09:20:00+05:30,2026-04-15T09:25:00+05:30,2547.7,2531.899902,2026-04-10T13:45:00+05:30,2534.125031,atr_fallback,2574.849937,2.0,9.049979,,,,392,998698.4,5399.79,0.2,3,2026-04-15T09:35:00+05:30,2533.925031,STOP_LOSS,-5399.79,400.0,-5799.79,-0.5807,-1.0741
swing_all,equity,TCS_NS,2026-04-15,SWING_BULLISH_BOS,swing,BOS,LONG,2026-04-15T15:00:00+05:30,2026-04-15T15:05:00+05:30,2554.7,2554.699951,2026-04-15T10:15:00+05:30,2550.146429,atr_fallback,2563.807143,2.0,3.035714,,,,391,998887.7,1858.65,0.2,4,2026-04-15T15:20:00+05:30,2556.8,SESSION_END,821.1,401.85,419.25,0.042,0.2256
swing_all,equity,TCS_NS,2026-04-21,SWING_BULLISH_BOS,swing,BOS,LONG,2026-04-21T10:05:00+05:30,2026-04-21T10:10:00+05:30,2591.000049,2588.899902,2026-04-17T09:20:00+05:30,2581.292922,atr_fallback,2610.414303,2.0,6.471418,,,,385,997535.02,3814.24,0.2,8,2026-04-21T10:45:00+05:30,2581.092922,STOP_LOSS,-3814.24,400.04,-4214.28,-0.4225,-1.1049
swing_all,equity,TCS_NS,2026-04-22,SWING_BEARISH_CHoCH,swing,CHoCH,SHORT,2026-04-22T11:05:00+05:30,2026-04-22T11:10:00+05:30,2557.199902,2560.199951,2026-04-17T09:35:00+05:30,2562.342759,atr_fallback,2546.914188,2.0,3.428571,,,,391,999865.16,2089.06,0.2,7,2026-04-22T11:40:00+05:30,2547.114188,TARGET,3943.51,400.83,3542.68,0.3543,1.6958
swing_all,equity,TCS_NS,2026-04-24,SWING_BEARISH_BOS,swing,BOS,SHORT,2026-04-24T09:15:00+05:30,2026-04-24T09:20:00+05:30,2502.199902,2504.0,2026-04-22T12:25:00+05:30,2510.374829,atr_fallback,2485.850049,2.0,5.449951,,,,399,998377.76,3341.6,0.2,1,2026-04-24T09:20:00+05:30,2486.050049,TARGET,6443.79,399.58,6044.21,0.6054,1.8088
