sizing_method,market,instrument,session_date,setup,direction,first_candle_time,first_open,first_high,first_low,first_close,first_volume,gap_pct,signal_time,signal_close,entry_time,entry_price,stop_price,target_price,exit_time,exit_price,exit_reason,atr_at_entry,quantity,equity_at_entry,risk_pct_budget,position_risk_amount,open_risk_before,portfolio_risk_limit,notional,open_notional_before,gross_exposure_limit,limiting_factor,sizing_note,gross_pnl,costs,net_pnl,return_pct_on_notional,r_multiple,holding_candles,equity_after_exit
fractional_kelly,commodities,CLF,2026-03-30,OPEN_EQUALS_LOW,LONG,2026-03-30T09:15:00-04:00,101.290001,101.75,101.199997,101.610001,2620.0,,2026-03-30T09:25:00-04:00,101.769997,2026-03-30T09:30:00-04:00,101.790351,101.269743,102.831566,2026-03-30T09:45:00-04:00,102.811,TARGET,0.457142,982,100000.0,1.0,531.13,0.0,6000.0,99958.12,0.0,300000.0,per_trade_allocation,kelly_warmup_fixed_percent_risk,1002.28,60.28,942.0,0.9424,1.7736,4,100942.0
fractional_kelly,commodities,SIF,2026-03-30,OPEN_EQUALS_HIGH,SHORT,2026-03-30T09:15:00-04:00,71.364998,71.400002,71.209999,71.315002,94.0,,2026-03-30T09:30:00-04:00,70.955002,2026-03-30T09:35:00-04:00,71.010797,71.379271,70.273848,2026-03-30T09:55:00-04:00,70.287903,TARGET,0.271429,1408,100000.0,1.0,538.91,531.13,6000.0,99983.2,99958.12,300000.0,per_trade_allocation,kelly_warmup_fixed_percent_risk,1017.83,59.68,958.15,0.9583,1.7779,5,101900.15
fractional_kelly,commodities,GCF,2026-03-31,OPEN_EQUALS_LOW,LONG,2026-03-31T09:15:00-04:00,4610.899902,4616.700195,4610.600098,4613.200195,354.0,1.8353,2026-03-31T09:40:00-04:00,4618.0,2026-03-31T09:45:00-04:00,4619.323582,4609.977722,4638.015302,2026-03-31T09:50:00-04:00,4637.087699,TARGET,9.050119,22,101900.15,1.0,225.89,0.0,6114.01,101625.12,0.0,305700.45,per_trade_allocation,kelly_warmup_fixed_percent_risk,390.81,61.09,329.72,0.3244,1.4596,2,102229.87
fractional_kelly,commodities,CLF,2026-03-31,OPEN_EQUALS_HIGH,SHORT,2026-03-31T09:15:00-04:00,103.169998,103.269997,102.93,103.029999,1598.0,-0.7504,2026-03-31T09:45:00-04:00,102.870003,2026-03-31T09:50:00-04:00,102.859421,103.190632,102.196999,2026-03-31T10:10:00-04:00,102.217439,TARGET,0.445,993,102229.87,1.0,349.39,0.0,6133.79,102139.41,0.0,306689.61,per_trade_allocation,kelly_warmup_fixed_percent_risk,637.49,61.09,576.4,0.5643,1.6497,5,102806.27
fractional_kelly,equity,HDFCBANK_NS,2026-04-01,OPEN_EQUALS_LOW,LONG,2026-04-01T09:15:00+05:30,744.299988,752.150024,744.299988,752.049988,0.0,1.1002,2026-04-01T09:20:00+05:30,754.299988,2026-04-01T09:25:00+05:30,754.100802,744.151128,774.000151,2026-04-01T10:20:00+05:30,744.002298,STOP_LOSS,3.953574,101,102806.27,1.0,1019.95,0.0,6168.38,76164.18,0.0,308418.81,risk_budget,kelly_warmup_fixed_percent_risk,-1019.95,45.39,-1065.34,-1.3987,-1.0445,12,101740.93
fractional_kelly,derivatives,CNXAUTO,2026-04-01,OPEN_EQUALS_HIGH,SHORT,2026-04-01T09:15:00+05:30,24508.849609,24527.150391,24397.099609,24507.199219,0.0,2.9226,2026-04-01T10:25:00+05:30,24386.0,2026-04-01T10:30:00+05:30,24387.37155,24513.751379,24134.611891,2026-04-01T13:10:00+05:30,24518.65413,STOP_LOSS,73.27832,4,101740.93,1.0,525.13,0.0,6104.46,97549.49,0.0,305222.79,per_trade_allocation,kelly_warmup_fixed_percent_risk,-525.13,58.69,-583.82,-0.5985,-1.1118,33,101157.11
fractional_kelly,derivatives,NSEI,2026-04-01,OPEN_EQUALS_HIGH,SHORT,2026-04-01T09:15:00+05:30,22878.900391,22894.699219,22811.400391,22887.0,0.0,2.2409,2026-04-01T10:25:00+05:30,22796.5,2026-04-01T10:30:00+05:30,22792.540189,22883.476171,22610.668227,2026-04-01T13:15:00+05:30,22888.052866,STOP_LOSS,43.349749,4,101740.93,1.0,382.05,525.13,6104.46,91170.16,97549.49,305222.79,per_trade_allocation,kelly_warmup_fixed_percent_risk,-382.05,54.82,-436.87,-0.4792,-1.1435,34,100720.24
fractional_kelly,equity,BHARTIARTL_NS,2026-04-01,OPEN_EQUALS_HIGH,SHORT,2026-04-01T09:15:00+05:30,1815.0,1816.199951,1803.800049,1810.099976,0.0,1.4250,2026-04-01T10:25:00+05:30,1802.800049,2026-04-01T10:30:00+05:30,1802.1395,1815.363,1775.6925,2026-04-01T15:20:00+05:30,1783.756704,END_OF_DAY,3.371434,56,101740.93,1.0,760.85,907.18,6104.46,100919.81,188719.65,305222.79,per_trade_allocation,kelly_warmup_fixed_percent_risk,1029.44,60.24,969.19,0.9604,1.2738,59,101689.43
fractional_kelly,equity,RELIANCE_NS,2026-04-01,OPEN_EQUALS_HIGH,SHORT,2026-04-01T09:15:00+05:30,1376.300049,1377.400024,1365.0,1369.900024,0.0,2.1752,2026-04-01T13:40:00+05:30,1364.900024,2026-04-01T13:45:00+05:30,1364.727,1376.575309,1341.030382,2026-04-01T15:20:00+05:30,1369.573909,END_OF_DAY,2.735718,73,100720.24,1.0,885.02,760.85,6043.21,99625.07,100919.81,302160.72,per_trade_allocation,kelly_warmup_fixed_percent_risk,-353.82,59.88,-413.71,-0.4153,-0.4675,20,101275.72
fractional_kelly,commodities,SIF,2026-04-01,OPEN_EQUALS_LOW,LONG,2026-04-01T09:15:00-04:00,74.995003,75.150002,74.974998,75.110001,206.0,-0.4711,2026-04-01T09:25:00-04:00,75.220001,2026-04-01T09:30:00-04:00,75.220043,74.980004,75.700121,2026-04-01T09:40:00-04:00,74.965008,STOP_LOSS,0.318213,1346,101275.72,1.0,343.28,0.0,6076.54,101246.18,0.0,303827.16,per_trade_allocation,kelly_warmup_fixed_percent_risk,-343.28,60.64,-403.92,-0.399,-1.1767,3,100871.8
fractional_kelly,commodities,GCF,2026-04-01,OPEN_EQUALS_LOW,LONG,2026-04-01T09:15:00-04:00,4758.100098,4768.0,4757.899902,4766.299805,719.0,1.1071,2026-04-01T09:35:00-04:00,4773.600098,2026-04-01T09:40:00-04:00,4774.054718,4757.148478,4807.867198,2026-04-01T10:00:00-04:00,4756.197048,STOP_LOSS,12.128592,21,100871.8,1.0,375.01,0.0,6052.31,100255.15,0.0,302615.4,per_trade_allocation,kelly_warmup_fixed_percent_risk,-375.01,60.04,-435.05,-0.4339,-1.1601,5,100436.75
fractional_kelly,equity,SBIN_NS,2026-04-02,OPEN_EQUALS_HIGH,SHORT,2026-04-02T09:15:00+05:30,1001.0,1002.0,986.25,987.0,0.0,-1.4715,2026-04-02T10:00:00+05:30,982.299988,2026-04-02T10:05:00+05:30,981.953594,1001.2002,943.460383,2026-04-02T13:35:00+05:30,1001.40044,STOP_LOSS,4.792868,16,100436.75,1.0,311.15,2912.39,6026.2,15711.26,284874.51,301310.25,gross_exposure,kelly_warmup_fixed_percent_risk,-311.15,9.52,-320.67,-2.041,-1.0306,43,100116.08
fractional_kelly,equity,TCS_NS,2026-04-02,OPEN_EQUALS_LOW,LONG,2026-04-02T09:15:00+05:30,2381.100098,2398.0,2381.100098,2392.0,0.0,-1.2975,2026-04-02T09:20:00+05:30,2404.300049,2026-04-02T09:25:00+05:30,2404.4808,2380.623878,2452.194645,2026-04-02T13:35:00+05:30,2451.704206,TARGET,7.557094,41,100436.75,1.0,997.65,1003.61,6026.2,98583.71,86669.73,301310.25,risk_budget,kelly_warmup_fixed_percent_risk,1936.16,59.73,1876.43,1.9034,1.8808,51,101992.51
fractional_kelly,equity,INFY_NS,2026-04-02,OPEN_EQUALS_LOW,LONG,2026-04-02T09:15:00+05:30,1260.300049,1272.0,1260.300049,1269.0,0.0,-1.3850,2026-04-02T09:20:00+05:30,1274.400024,2026-04-02T09:25:00+05:30,1274.554909,1260.047989,1303.568749,2026-04-02T15:10:00+05:30,1303.308035,TARGET,4.492833,68,100436.75,1.0,1003.61,0.0,6026.2,86669.73,0.0,301310.25,risk_budget,kelly_warmup_fixed_percent_risk,1955.21,52.59,1902.62,2.1953,1.8958,70,103895.13
fractional_kelly,equity,RELIANCE_NS,2026-04-02,OPEN_EQUALS_HIGH,SHORT,2026-04-02T09:15:00+05:30,1358.0,1358.0,1349.400024,1351.199951,0.0,-0.8252,2026-04-02T09:35:00+05:30,1347.0,2026-04-02T09:40:00+05:30,1346.2307,1358.2716,1322.1489,2026-04-02T15:20:00+05:30,1349.669904,END_OF_DAY,4.171439,74,100436.75,1.0,911.13,2001.26,6026.2,99621.07,185253.44,301310.25,per_trade_allocation,kelly_warmup_fixed_percent_risk,-254.5,59.85,-314.35,-0.3155,-0.345,69,103580.78
fractional_kelly,commodities,CLF,2026-04-02,OPEN_EQUALS_HIGH,SHORT,2026-04-02T09:15:00-04:00,113.389999,113.440002,112.540001,113.110001,4723.0,13.6856,2026-04-02T09:30:00-04:00,111.900002,2026-04-02T09:35:00-04:00,111.897614,113.412677,108.867488,2026-04-02T09:40:00-04:00,113.43536,STOP_LOSS,1.07857,673,103580.78,1.0,1034.9,287.52,6214.85,75307.09,101724.14,310742.34,risk_budget,kelly_warmup_fixed_percent_risk,-1034.9,45.49,-1080.4,-1.4347,-1.044,2,102500.38
fractional_kelly,commodities,GCF,2026-04-02,OPEN_EQUALS_LOW,LONG,2026-04-02T09:15:00-04:00,4612.600098,4620.200195,4609.799805,4616.600098,579.0,-3.6573,2026-04-02T09:25:00-04:00,4622.700195,2026-04-02T09:30:00-04:00,4623.824482,4611.677578,4648.118292,2026-04-02T09:40:00-04:00,4610.755242,STOP_LOSS,13.621408,22,103580.78,1.0,287.52,0.0,6214.85,101724.14,0.0,310742.34,per_trade_allocation,kelly_warmup_fixed_percent_risk,-287.52,60.95,-348.47,-0.3426,-1.212,3,102151.91
fractional_kelly,equity,ICICIBANK_NS,2026-04-06,OPEN_EQUALS_HIGH,SHORT,2026-04-06T09:15:00+05:30,1213.199951,1213.199951,1202.900024,1207.599976,0.0,-0.2467,2026-04-06T09:25:00+05:30,1201.599976,2026-04-06T09:30:00+05:30,1201.2597,1213.442591,1176.893918,2026-04-06T11:45:00+05:30,1213.68528,STOP_LOSS,5.042847,82,102151.91,1.0,1018.9,3026.8,6129.11,98503.3,168933.95,306455.73,risk_budget,kelly_warmup_fixed_percent_risk,-1018.9,59.41,-1078.31,-1.0947,-1.0583,28,101073.6
fractional_kelly,equity,HDFCBANK_NS,2026-04-06,OPEN_EQUALS_HIGH,SHORT,2026-04-06T09:15:00+05:30,760.0,760.0,746.200012,750.299988,0.0,1.3604,2026-04-06T09:40:00+05:30,746.049988,2026-04-06T09:45:00+05:30,745.8508,760.152,717.2484,2026-04-06T12:25:00+05:30,760.30403,STOP_LOSS,3.832145,52,102151.91,1.0,751.57,4045.7,6129.11,38784.24,267437.25,306455.73,gross_exposure,kelly_warmup_fixed_percent_risk,-751.57,23.5,-775.06,-1.9984,-1.0313,33,100298.54
fractional_kelly,equity,KOTAKBANK_NS,2026-04-06,OPEN_EQUALS_HIGH,SHORT,2026-04-06T09:15:00+05:30,358.0,358.0,351.649994,351.700012,0.0,0.1539,2026-04-06T09:20:00+05:30,350.549988,2026-04-06T09:25:00+05:30,350.479878,358.0716,335.296433,2026-04-06T13:05:00+05:30,358.143214,STOP_LOSS,1.850002,133,102151.91,1.0,1019.22,998.64,6129.11,46613.82,67751.85,306455.73,risk_budget,kelly_warmup_fixed_percent_risk,-1019.22,28.27,-1047.5,-2.2472,-1.0277,45,99251.04
fractional_kelly,equity,BHARTIARTL_NS,2026-04-06,OPEN_EQUALS_HIGH,SHORT,2026-04-06T09:15:00+05:30,1808.5,1809.099976,1788.0,1789.800049,0.0,0.9264,2026-04-06T09:20:00+05:30,1783.800049,2026-04-06T09:25:00+05:30,1782.943389,1808.8617,1731.106766,2026-04-06T15:20:00+05:30,1792.258404,END_OF_DAY,8.057155,38,102151.91,1.0,998.64,0.0,6129.11,67751.85,0.0,306455.73,risk_budget,kelly_warmup_fixed_percent_risk,-353.97,40.76,-394.73,-0.5826,-0.3953,72,98856.31
fractional_kelly,equity,RELIANCE_NS,2026-04-06,OPEN_EQUALS_HIGH,SHORT,2026-04-06T09:15:00+05:30,1355.0,1355.0,1336.400024,1338.699951,0.0,0.4150,2026-04-06T09:20:00+05:30,1331.599976,2026-04-06T09:25:00+05:30,1330.933711,1355.271,1282.259134,2026-04-06T15:20:00+05:30,1306.461191,END_OF_DAY,5.792855,41,102151.91,1.0,1008.94,2017.86,6129.11,54568.28,114365.67,306455.73,risk_budget,kelly_warmup_fixed_percent_risk,1003.37,32.44,970.93,1.7793,0.9623,72,99827.24
fractional_kelly,commodities,HGF,2026-04-06,OPEN_EQUALS_LOW,LONG,2026-04-06T09:15:00-04:00,5.625,5.6325,5.625,5.6295,238.0,-0.3543,2026-04-06T09:20:00-04:00,5.633,2026-04-06T09:25:00-04:00,5.634126,5.623875,5.654629,2026-04-06T09:25:00-04:00,5.62275,STOP_LOSS,0.008786,17718,99827.24,1.0,201.56,868.53,5989.63,99825.44,99801.31,299481.72,per_trade_allocation,kelly_warmup_fixed_percent_risk,-201.56,59.83,-261.4,-0.2619,-1.2969,1,99565.84
fractional_kelly,commodities,NGF,2026-04-06,OPEN_EQUALS_HIGH,SHORT,2026-04-06T09:15:00-04:00,2.864,2.865,2.856,2.857,917.0,2.2492,2026-04-06T09:20:00-04:00,2.852,2026-04-06T09:25:00-04:00,2.85143,2.864573,2.825143,2026-04-06T10:10:00-04:00,2.825708,TARGET,0.009929,34917,99565.84,1.0,478.93,868.53,5973.95,99563.38,99801.31,298697.52,per_trade_allocation,kelly_warmup_fixed_percent_risk,898.12,59.47,838.65,0.8423,1.7511,10,100404.49
fractional_kelly,commodities,CLF,2026-04-06,OPEN_EQUALS_LOW,LONG,2026-04-06T09:15:00-04:00,111.330002,111.889999,111.25,111.870003,2377.0,0.0090,2026-04-06T09:20:00-04:00,112.239998,2026-04-06T09:25:00-04:00,112.262446,111.307736,114.171866,2026-04-06T10:15:00-04:00,111.285474,STOP_LOSS,0.505715,889,99827.24,1.0,868.53,0.0,5989.63,99801.31,0.0,299481.72,per_trade_allocation,kelly_warmup_fixed_percent_risk,-868.53,59.62,-928.15,-0.93,-1.0686,11,99476.34
fractional_kelly,commodities,GCF,2026-04-06,OPEN_EQUALS_HIGH,SHORT,2026-04-06T09:15:00-04:00,4694.700195,4695.200195,4689.200195,4689.200195,154.0,-0.1149,2026-04-06T11:10:00-04:00,4687.5,2026-04-06T11:15:00-04:00,4686.362345,4695.639135,4667.808763,2026-04-06T11:30:00-04:00,4696.578263,STOP_LOSS,10.321463,21,99476.34,1.0,214.53,0.0,5968.58,98413.61,0.0,298429.02,per_trade_allocation,kelly_warmup_fixed_percent_risk,-214.53,59.11,-273.65,-0.2781,-1.2755,4,99202.69
fractional_kelly,commodities,GCF,2026-04-07,OPEN_EQUALS_HIGH,SHORT,2026-04-07T09:15:00-04:00,4682.0,4682.700195,4675.299805,4676.200195,256.0,0.1647,2026-04-07T09:30:00-04:00,4673.0,2026-04-07T09:35:00-04:00,4671.265755,4682.9364,4647.924466,2026-04-07T10:00:00-04:00,4648.854051,TARGET,8.74285,21,99202.69,1.0,264.75,0.0,5952.16,98096.58,0.0,297608.07,per_trade_allocation,kelly_warmup_fixed_percent_risk,470.65,58.72,411.93,0.4199,1.5559,6,99614.62
fractional_kelly,commodities,SIF,2026-04-07,OPEN_EQUALS_HIGH,SHORT,2026-04-07T09:15:00-04:00,72.245003,72.269997,72.040001,72.084999,78.0,-1.1020,2026-04-07T09:30:00-04:00,71.940002,2026-04-07T09:35:00-04:00,71.855629,72.259452,71.047983,2026-04-07T10:00:00-04:00,71.062192,TARGET,0.29,1380,99202.69,1.0,577.22,264.75,5952.16,99160.77,98096.58,297608.07,per_trade_allocation,kelly_warmup_fixed_percent_risk,1094.94,59.17,1035.77,1.0445,1.7944,6,100650.39
fractional_kelly,derivatives,NSEI,2026-04-08,OPEN_EQUALS_LOW,LONG,2026-04-08T09:15:00+05:30,23855.150391,23909.449219,23836.900391,23900.0,0.0,3.1113,2026-04-08T09:35:00+05:30,23913.900391,2026-04-08T09:40:00+05:30,23918.132279,23850.379361,24053.638117,2026-04-08T15:20:00+05:30,23999.000021,END_OF_DAY,89.435547,4,100650.39,1.0,290.09,0.0,6039.02,95672.53,0.0,301951.17,per_trade_allocation,kelly_warmup_fixed_percent_risk,323.47,57.5,265.97,0.278,0.9168,69,100916.36
fractional_kelly,equity,HDFCBANK_NS,2026-04-08,OPEN_EQUALS_LOW,LONG,2026-04-08T09:15:00+05:30,798.849976,809.349976,798.849976,807.900024,0.0,3.4646,2026-04-08T09:35:00+05:30,811.349976,2026-04-08T09:40:00+05:30,811.41225,798.690206,836.856339,2026-04-08T15:20:00+05:30,816.536672,END_OF_DAY,5.017862,78,100650.39,1.0,1004.78,290.09,6039.02,63290.16,95672.53,301951.17,risk_budget,kelly_warmup_fixed_percent_risk,399.7,38.09,361.61,0.5714,0.3599,69,101277.97
fractional_kelly,equity,LT_NS,2026-04-08,OPEN_EQUALS_LOW,LONG,2026-04-08T09:15:00+05:30,3944.0,4021.199951,3944.0,4002.899902,0.0,5.9987,2026-04-08T11:45:00+05:30,4029.899902,2026-04-08T11:50:00+05:30,4032.506291,3943.2112,4211.096473,2026-04-08T15:20:00+05:30,4010.497789,END_OF_DAY,9.828561,11,100650.39,1.0,990.92,1294.87,6039.02,44357.57,158962.69,301951.17,risk_budget,kelly_warmup_fixed_percent_risk,-242.09,26.54,-268.64,-0.6056,-0.2711,43,101009.33
fractional_kelly,commodities,SIF,2026-04-08,OPEN_EQUALS_HIGH,SHORT,2026-04-08T09:15:00-04:00,77.339996,77.385002,77.129997,77.160004,322.0,6.9931,2026-04-08T09:30:00-04:00,77.040001,2026-04-08T09:35:00-04:00,76.9846,77.355464,76.242871,2026-04-08T10:15:00-04:00,76.25812,TARGET,0.26393,1312,101009.33,1.0407,506.87,0.0,6060.56,101003.8,0.0,303027.99,per_trade_allocation,kelly_fraction=0.0416,953.14,60.32,892.83,0.884,1.7614,9,101902.16
fractional_kelly,equity,INFY_NS,2026-04-09,OPEN_EQUALS_HIGH,SHORT,2026-04-09T09:15:00+05:30,1329.900024,1329.900024,1316.099976,1321.599976,0.0,-1.2035,2026-04-09T09:40:00+05:30,1315.199951,2026-04-09T09:45:00+05:30,1314.737,1330.166004,1283.878991,2026-04-09T12:55:00+05:30,1330.432038,STOP_LOSS,5.271423,77,101902.16,1.9195,1208.52,2113.73,6114.13,101234.75,203240.41,305706.48,per_trade_allocation,kelly_fraction=0.0768,-1208.52,61.1,-1269.62,-1.2541,-1.0506,39,100632.54
fractional_kelly,equity,HDFCBANK_NS,2026-04-09,OPEN_EQUALS_HIGH,SHORT,2026-04-09T09:15:00+05:30,814.900024,814.900024,808.75,810.0,0.0,-0.2204,2026-04-09T09:30:00+05:30,806.0,2026-04-09T09:35:00+05:30,806.08875,815.063004,788.140241,2026-04-09T15:20:00+05:30,799.709898,END_OF_DAY,2.407139,126,101902.16,1.9195,1151.3,962.43,6114.13,101567.18,101673.23,305706.48,per_trade_allocation,kelly_fraction=0.0768,803.74,60.7,743.04,0.7316,0.6454,70,101375.58
fractional_kelly,equity,ITC_NS,2026-04-09,OPEN_EQUALS_LOW,LONG,2026-04-09T09:15:00+05:30,301.649994,304.049988,301.600006,304.049988,0.0,-0.0828,2026-04-09T09:20:00+05:30,304.399994,2026-04-09T09:25:00+05:30,304.410876,301.589664,310.053301,2026-04-09T15:20:00+05:30,302.68945,END_OF_DAY,0.599995,334,101902.16,1.9195,962.43,0.0,6114.13,101673.23,0.0,305706.48,per_trade_allocation,kelly_fraction=0.0768,-574.96,60.83,-635.79,-0.6253,-0.6606,72,100739.79
fractional_kelly,commodities,SIF,2026-04-09,OPEN_EQUALS_LOW,LONG,2026-04-09T09:15:00-04:00,74.565002,74.654999,74.550003,74.605003,133.0,0.4648,2026-04-09T09:20:00-04:00,74.669998,2026-04-09T09:25:00-04:00,74.714937,74.550089,75.044632,2026-04-09T09:35:00-04:00,75.029623,TARGET,0.18,1348,100739.79,1.2916,242.31,0.0,6044.39,100715.74,0.0,302219.37,per_trade_allocation,kelly_fraction=0.0517,424.2,60.56,363.64,0.3611,1.5007,3,101103.43
fractional_kelly,commodities,NGF,2026-04-09,OPEN_EQUALS_HIGH,SHORT,2026-04-09T09:15:00-04:00,2.731,2.733,2.727,2.73,1241.0,-0.1828,2026-04-09T09:25:00-04:00,2.725,2026-04-09T09:30:00-04:00,2.724455,2.731546,2.710272,2026-04-09T10:00:00-04:00,2.710814,TARGET,0.01,36976,100739.79,1.2916,282.41,242.31,6044.39,100739.45,100715.74,302219.37,per_trade_allocation,kelly_fraction=0.0517,504.37,60.29,444.08,0.4408,1.5725,7,101547.51
fractional_kelly,equity,BHARTIARTL_NS,2026-04-10,OPEN_EQUALS_HIGH,SHORT,2026-04-10T09:15:00+05:30,1869.0,1870.5,1865.300049,1866.400024,0.0,0.4137,2026-04-10T09:20:00+05:30,1863.900024,2026-04-10T09:25:00+05:30,1863.727156,1869.3738,1852.433867,2026-04-10T09:25:00+05:30,1869.747675,STOP_LOSS,5.364284,54,101547.51,2.0,325.11,0.0,6092.85,100641.27,0.0,304642.53,per_trade_allocation,kelly_fraction=0.1060,-325.11,60.48,-385.59,-0.3831,-1.186,1,101161.92
fractional_kelly,derivatives,NSEBANK,2026-04-10,OPEN_EQUALS_LOW,LONG,2026-04-10T09:15:00+05:30,55193.550781,55581.25,55180.800781,55571.300781,0.0,0.6795,2026-04-10T09:25:00+05:30,55625.75,2026-04-10T09:30:00+05:30,55639.977333,55182.512071,56554.907856,2026-04-10T15:20:00+05:30,55930.913142,END_OF_DAY,140.08231,1,101161.92,2.0,468.5,1200.23,6069.72,55639.98,100249.34,303485.76,per_trade_allocation,kelly_fraction=0.0816,290.94,33.47,257.46,0.4627,0.5495,71,101419.38
fractional_kelly,equity,ICICIBANK_NS,2026-04-10,OPEN_EQUALS_LOW,LONG,2026-04-10T09:15:00+05:30,1288.5,1301.400024,1288.5,1301.300049,0.0,0.4757,2026-04-10T09:25:00+05:30,1302.5,2026-04-10T09:30:00+05:30,1303.060609,1288.2423,1332.697227,2026-04-10T15:20:00+05:30,1321.335656,END_OF_DAY,5.271441,77,101161.92,2.0,1160.85,1668.73,6069.72,100335.67,155889.32,303485.76,per_trade_allocation,kelly_fraction=0.0816,1407.18,60.62,1346.56,1.3421,1.16,71,102765.94
fractional_kelly,equity,INFY_NS,2026-04-10,OPEN_EQUALS_HIGH,SHORT,2026-04-10T09:15:00+05:30,1317.0,1317.0,1302.699951,1306.900024,0.0,-1.0890,2026-04-10T09:20:00+05:30,1302.199951,2026-04-10T09:25:00+05:30,1301.939511,1317.2634,1271.291734,2026-04-10T15:20:00+05:30,1291.858296,END_OF_DAY,5.964312,77,101161.92,2.0,1200.23,0.0,6069.72,100249.34,0.0,303485.76,per_trade_allocation,kelly_fraction=0.0816,776.25,59.92,716.34,0.7146,0.5968,72,103482.28
fractional_kelly,equity,LT_NS,2026-04-10,OPEN_EQUALS_LOW,LONG,2026-04-10T09:15:00+05:30,3924.699951,3939.0,3923.699951,3936.5,0.0,0.8143,2026-04-10T09:30:00+05:30,3940.100098,2026-04-10T09:35:00+05:30,3940.987991,3923.915011,3975.133951,2026-04-10T15:20:00+05:30,3957.7083,END_OF_DAY,10.24285,11,101161.92,2.0,196.44,2829.58,6069.72,43350.87,256224.99,303485.76,gross_exposure,kelly_fraction=0.0816,183.92,26.07,157.86,0.3641,0.8036,70,103640.14
fractional_kelly,equity,TCS_NS,2026-04-10,OPEN_EQUALS_HIGH,SHORT,2026-04-10T09:15:00+05:30,2563.699951,2563.699951,2531.800049,2547.5,0.0,-1.2024,2026-04-10T09:30:00+05:30,2530.699951,2026-04-10T09:35:00+05:30,2530.793789,2564.212691,2463.955984,2026-04-10T15:20:00+05:30,2524.5048,END_OF_DAY,12.235683,1,101161.92,2.0,33.93,3026.02,6069.72,2530.79,299575.86,303485.76,gross_exposure,kelly_fraction=0.0816,6.29,1.52,4.77,0.1886,0.1406,70,103644.91
fractional_kelly,commodities,SIF,2026-04-10,OPEN_EQUALS_LOW,LONG,2026-04-10T09:15:00-04:00,76.235001,76.43,76.18,76.315002,298.0,0.3158,2026-04-10T09:20:00-04:00,76.440002,2026-04-10T09:25:00-04:00,76.480289,76.219754,77.001361,2026-04-10T09:40:00-04:00,76.20451,STOP_LOSS,0.241785,1355,103644.91,2.0,373.68,0.0,6218.69,103630.79,0.0,310934.73,per_trade_allocation,kelly_fraction=0.1423,-373.68,62.07,-435.75,-0.4205,-1.1661,4,103209.16
fractional_kelly,commodities,GCF,2026-04-10,OPEN_EQUALS_HIGH,SHORT,2026-04-10T09:15:00-04:00,4796.799805,4797.700195,4790.200195,4796.5,1389.0,-0.0750,2026-04-10T11:35:00-04:00,4784.799805,2026-04-10T11:40:00-04:00,4784.143078,4797.759165,4756.910904,2026-04-10T15:20:00-04:00,4792.558418,END_OF_DAY,9.128488,21,103209.16,2.0,306.09,0.0,6192.55,100467.0,0.0,309627.48,per_trade_allocation,kelly_fraction=0.1180,-176.72,60.33,-237.06,-0.236,-0.7745,45,102972.1
fractional_kelly,commodities,SIF,2026-04-13,OPEN_EQUALS_HIGH,SHORT,2026-04-13T09:15:00-04:00,74.120003,74.175003,74.019997,74.135002,200.0,-3.1681,2026-04-13T10:50:00-04:00,74.014999,2026-04-13T10:55:00-04:00,73.9852,74.134827,73.685947,2026-04-13T10:55:00-04:00,74.149654,STOP_LOSS,0.279286,1391,102972.1,2.0,228.76,0.0,6178.33,102913.41,0.0,308916.3,per_trade_allocation,kelly_fraction=0.1018,-228.76,61.82,-290.57,-0.2823,-1.2702,1,102681.53
fractional_kelly,commodities,GCF,2026-04-14,OPEN_EQUALS_LOW,LONG,2026-04-14T09:15:00-04:00,4804.5,4810.299805,4803.299805,4809.799805,1210.0,0.8395,2026-04-14T09:20:00-04:00,4814.299805,2026-04-14T09:25:00-04:00,4815.163035,4803.5391,4838.410906,2026-04-14T09:30:00-04:00,4802.578392,STOP_LOSS,7.271345,21,102681.53,1.9426,264.28,0.0,6160.89,101118.42,0.0,308044.59,per_trade_allocation,kelly_fraction=0.0777,-264.28,60.59,-324.87,-0.3213,-1.2293,2,102356.66
fractional_kelly,commodities,CLF,2026-04-14,OPEN_EQUALS_HIGH,SHORT,2026-04-14T09:15:00-04:00,96.080002,96.129997,95.330002,95.529999,2368.0,-1.6179,2026-04-14T09:40:00-04:00,95.209999,2026-04-14T09:45:00-04:00,95.200957,96.099218,93.404436,2026-04-14T10:05:00-04:00,93.423117,TARGET,0.420714,1075,102356.66,1.3834,986.29,0.0,6141.4,102341.03,0.0,307069.98,per_trade_allocation,kelly_fraction=0.0553,1911.18,60.83,1850.35,1.808,1.8761,5,104207.01
fractional_kelly,commodities,SIF,2026-04-14,OPEN_EQUALS_LOW,LONG,2026-04-14T09:15:00-04:00,78.014999,78.269997,77.964996,78.224998,614.0,3.1058,2026-04-14T09:45:00-04:00,78.385002,2026-04-14T09:50:00-04:00,78.390675,77.999396,79.173232,2026-04-14T10:25:00-04:00,79.157398,TARGET,0.269999,1305,102356.66,1.3834,530.98,986.29,6141.4,102299.83,102341.03,307069.98,per_trade_allocation,kelly_fraction=0.0553,1000.57,61.68,938.89,0.9178,1.7682,8,105145.9
fractional_kelly,equity,INFY_NS,2026-04-15,OPEN_EQUALS_LOW,LONG,2026-04-15T09:15:00+05:30,1302.599976,1314.0,1302.099976,1313.400024,0.0,2.0447,2026-04-15T09:20:00+05:30,1320.5,2026-04-15T09:25:00+05:30,1320.264,1302.339456,1356.113089,2026-04-15T11:35:00+05:30,1302.078988,STOP_LOSS,5.878584,79,105145.9,2.0,1436.62,0.0,6308.75,104300.86,0.0,315437.7,per_trade_allocation,kelly_fraction=0.1080,-1436.62,62.15,-1498.77,-1.437,-1.0433,27,103647.13
fractional_kelly,derivatives,CNXFMCG,2026-04-15,OPEN_EQUALS_LOW,LONG,2026-04-15T09:15:00+05:30,48004.851562,48349.800781,48004.851562,48268.199219,0.0,0.9678,2026-04-15T11:40:00+05:30,48410.300781,2026-04-15T11:45:00+05:30,48420.1821,47995.250592,49270.045116,2026-04-15T15:20:00+05:30,48286.489208,END_OF_DAY,47.464565,2,103647.13,2.0,869.06,1623.42,6218.83,96840.36,206937.98,310941.39,per_trade_allocation,kelly_fraction=0.0899,-267.39,58.02,-325.41,-0.336,-0.3744,44,103321.72
fractional_kelly,equity,ITC_NS,2026-04-15,OPEN_EQUALS_LOW,LONG,2026-04-15T09:15:00+05:30,301.100006,302.700012,300.799988,302.399994,0.0,0.7698,2026-04-15T09:50:00+05:30,302.799988,2026-04-15T09:55:00+05:30,302.860548,301.039786,306.502071,2026-04-15T15:20:00+05:30,302.039586,END_OF_DAY,0.842854,347,105145.9,2.0,652.7,2407.34,6308.75,105092.61,206146.23,315437.7,per_trade_allocation,kelly_fraction=0.1080,-284.87,62.97,-347.84,-0.331,-0.5329,66,102973.88
fractional_kelly,equity,LT_NS,2026-04-15,OPEN_EQUALS_LOW,LONG,2026-04-15T09:15:00+05:30,4036.600098,4067.0,4036.600098,4052.899902,0.0,2.0890,2026-04-15T09:40:00+05:30,4071.5,2026-04-15T09:45:00+05:30,4073.8146,4035.792778,4149.858245,2026-04-15T15:20:00+05:30,4074.584822,END_OF_DAY,16.064261,25,105145.9,2.0,970.72,1436.62,6308.75,101845.37,104300.86,315437.7,per_trade_allocation,kelly_fraction=0.1080,19.26,61.11,-41.86,-0.0411,-0.0431,68,102932.02
fractional_kelly,commodities,CLF,2026-04-15,OPEN_EQUALS_HIGH,SHORT,2026-04-15T09:15:00-04:00,91.43,91.440002,91.129997,91.309998,1343.0,-0.2944,2026-04-15T09:25:00-04:00,90.959999,2026-04-15T09:30:00-04:00,90.921814,91.448286,89.868871,2026-04-15T09:55:00-04:00,91.466576,STOP_LOSS,0.417858,1132,102932.02,1.7777,616.67,0.0,6175.92,102923.49,0.0,308796.06,per_trade_allocation,kelly_fraction=0.0711,-616.67,61.94,-678.61,-0.6593,-1.1004,6,102253.41
fractional_kelly,commodities,NGF,2026-04-15,OPEN_EQUALS_HIGH,SHORT,2026-04-15T09:15:00-04:00,2.607,2.607,2.594,2.595,664.0,0.1922,2026-04-15T09:25:00-04:00,2.593,2026-04-15T09:30:00-04:00,2.592481,2.607522,2.562401,2026-04-15T10:35:00-04:00,2.608043,STOP_LOSS,0.009714,39704,102932.02,1.7777,617.86,616.67,6175.92,102931.87,102923.49,308796.06,per_trade_allocation,kelly_fraction=0.0711,-617.86,61.94,-679.81,-0.6604,-1.1003,14,101573.6
fractional_kelly,commodities,SIF,2026-04-15,OPEN_EQUALS_HIGH,SHORT,2026-04-15T09:15:00-04:00,79.434998,79.464996,79.285004,79.330002,218.0,-0.0189,2026-04-15T11:25:00-04:00,79.199997,2026-04-15T11:30:00-04:00,79.254143,79.450885,78.860659,2026-04-15T11:35:00-04:00,79.466775,STOP_LOSS,0.238571,1281,101573.6,0.9492,272.38,0.0,6094.42,101524.56,0.0,304720.8,per_trade_allocation,kelly_fraction=0.0380,-272.38,61.0,-333.38,-0.3284,-1.2239,2,101240.22
fractional_kelly,equity,ITC_NS,2026-04-16,OPEN_EQUALS_HIGH,SHORT,2026-04-16T09:15:00+05:30,303.399994,303.399994,302.100006,303.100006,0.0,0.4303,2026-04-16T09:55:00+05:30,302.0,2026-04-16T10:00:00+05:30,302.039586,303.460674,299.197411,2026-04-16T11:10:00+05:30,303.521366,STOP_LOSS,0.539291,257,101240.22,0.5149,380.82,1301.29,6074.41,77624.17,225987.19,303720.66,gross_exposure,kelly_fraction=0.0206,-380.82,46.69,-427.51,-0.5507,-1.1226,15,100812.71
fractional_kelly,derivatives,NSEI,2026-04-16,OPEN_EQUALS_HIGH,SHORT,2026-04-16T09:15:00+05:30,24380.25,24390.550781,24337.699219,24390.550781,0.0,0.6384,2026-04-16T09:35:00+05:30,24326.800781,2026-04-16T09:40:00+05:30,24321.38475,24385.12605,24193.90215,2026-04-16T12:00:00+05:30,24198.74093,TARGET,35.914621,4,101240.22,0.5149,274.47,0.0,6074.41,97285.54,0.0,303720.66,per_trade_allocation,kelly_fraction=0.0206,490.58,58.22,432.35,0.4444,1.5752,29,101245.06
fractional_kelly,equity,BHARTIARTL_NS,2026-04-16,OPEN_EQUALS_HIGH,SHORT,2026-04-16T09:15:00+05:30,1864.300049,1864.300049,1853.099976,1854.199951,0.0,0.5501,2026-04-16T09:35:00+05:30,1853.0,2026-04-16T09:40:00+05:30,1852.729356,1864.672909,1828.842249,2026-04-16T13:05:00+05:30,1829.208018,TARGET,3.700003,42,101240.22,0.5149,517.29,274.47,6074.41,77814.63,97285.54,303720.66,risk_budget,kelly_fraction=0.0206,987.9,46.39,941.5,1.2099,1.8201,42,102186.56
fractional_kelly,equity,KOTAKBANK_NS,2026-04-16,OPEN_EQUALS_HIGH,SHORT,2026-04-16T09:15:00+05:30,383.950012,383.950012,381.700012,382.75,0.0,0.3004,2026-04-16T11:55:00+05:30,381.649994,2026-04-16T12:00:00+05:30,381.573664,384.026802,376.667387,2026-04-16T15:20:00+05:30,378.475674,END_OF_DAY,0.760718,256,101245.06,0.641,647.67,1026.82,6074.7,97682.86,128701.65,303735.18,risk_budget,kelly_fraction=0.0256,793.09,58.37,734.71,0.7521,1.1344,41,102921.27
fractional_kelly,equity,RELIANCE_NS,2026-04-16,OPEN_EQUALS_HIGH,SHORT,2026-04-16T09:15:00+05:30,1352.0,1352.0,1340.0,1342.599976,0.0,0.6027,2026-04-16T09:35:00+05:30,1339.400024,2026-04-16T09:40:00+05:30,1339.132144,1352.2704,1312.855633,2026-04-16T15:20:00+05:30,1345.869096,END_OF_DAY,3.485718,38,101240.22,0.5149,509.53,791.76,6074.41,50887.02,175100.17,303720.66,risk_budget,kelly_fraction=0.0206,-256.0,30.61,-286.61,-0.5632,-0.5625,69,102634.66
fractional_kelly,commodities,CLF,2026-04-16,OPEN_EQUALS_HIGH,SHORT,2026-04-16T09:15:00-04:00,89.349998,89.349998,89.089996,89.160004,1443.0,-1.6835,2026-04-16T09:20:00-04:00,88.980003,2026-04-16T09:25:00-04:00,88.942207,89.367868,88.090884,2026-04-16T09:35:00-04:00,89.385742,STOP_LOSS,0.214287,1153,102634.66,1.3403,511.4,0.0,6158.08,102550.36,0.0,307903.98,per_trade_allocation,kelly_fraction=0.0536,-511.4,61.68,-573.08,-0.5588,-1.1206,3,102061.58
fractional_kelly,commodities,SIF,2026-04-16,OPEN_EQUALS_LOW,LONG,2026-04-16T09:15:00-04:00,79.514999,79.625,79.504997,79.550003,173.0,-0.0126,2026-04-16T09:20:00-04:00,79.654999,2026-04-16T09:25:00-04:00,79.685932,79.499096,80.059604,2026-04-16T09:45:00-04:00,79.483197,STOP_LOSS,0.197857,1287,102634.66,1.3403,260.92,511.4,6158.08,102555.79,102550.36,307903.98,per_trade_allocation,kelly_fraction=0.0536,-260.92,61.46,-322.38,-0.3143,-1.2355,5,101739.2
fractional_kelly,derivatives,CNXFMCG,2026-04-17,OPEN_EQUALS_LOW,LONG,2026-04-17T09:15:00+05:30,48400.550781,48855.101562,48392.800781,48791.300781,0.0,-0.0649,2026-04-17T09:20:00+05:30,48895.101562,2026-04-17T09:25:00+05:30,48902.52855,48390.870671,49925.844308,2026-04-17T15:20:00+05:30,49655.266179,END_OF_DAY,94.046596,1,101739.2,0.5956,521.34,0.0,6104.35,48902.53,0.0,305217.6,risk_budget,kelly_fraction=0.0238,752.74,29.57,723.17,1.4788,1.3871,72,102462.37
fractional_kelly,equity,KOTAKBANK_NS,2026-04-17,OPEN_EQUALS_LOW,LONG,2026-04-17T09:15:00+05:30,376.75,379.549988,376.75,378.549988,0.0,-0.4360,2026-04-17T09:20:00+05:30,379.850006,2026-04-17T09:25:00+05:30,379.82595,376.67465,386.12855,2026-04-17T15:20:00+05:30,383.373322,END_OF_DAY,1.003573,187,101739.2,0.5956,603.38,521.34,6104.35,71027.45,48902.53,305217.6,risk_budget,kelly_fraction=0.0238,663.36,42.82,620.54,0.8737,1.0284,72,103082.91
fractional_kelly,equity,RELIANCE_NS,2026-04-17,OPEN_EQUALS_LOW,LONG,2026-04-17T09:15:00+05:30,1341.400024,1351.5,1341.400024,1346.0,0.0,-0.3121,2026-04-17T11:00:00+05:30,1351.900024,2026-04-17T11:05:00+05:30,1351.970291,1341.131744,1373.647385,2026-04-17T15:20:00+05:30,1365.126944,END_OF_DAY,1.414315,54,101739.2,0.5956,599.77,1124.72,6104.35,73006.4,119929.98,305217.6,risk_budget,kelly_fraction=0.0238,710.46,44.02,666.44,0.9129,1.1112,52,103749.35
fractional_kelly,commodities,NGF,2026-04-17,OPEN_EQUALS_LOW,LONG,2026-04-17T09:15:00-04:00,2.644,2.648,2.642,2.646,808.0,-0.8252,2026-04-17T09:40:00-04:00,2.652,2026-04-17T09:45:00-04:00,2.65153,2.643471,2.667648,2026-04-17T09:45:00-04:00,2.667115,TARGET,0.014714,39128,103749.35,1.5903,336.02,1919.94,6224.96,103749.07,206241.83,311248.05,per_trade_allocation,kelly_fraction=0.0636,609.79,62.43,547.35,0.5276,1.6289,1,104296.7
fractional_kelly,commodities,GCF,2026-04-17,OPEN_EQUALS_HIGH,SHORT,2026-04-17T09:15:00-04:00,4906.299805,4906.700195,4884.799805,4886.600098,2937.0,1.9279,2026-04-17T09:20:00-04:00,4883.600098,2026-04-17T09:25:00-04:00,4882.323145,4907.281065,4832.407305,2026-04-17T10:00:00-04:00,4908.262521,STOP_LOSS,13.064383,21,103749.35,1.5903,544.73,0.0,6224.96,102528.79,0.0,311248.05,per_trade_allocation,kelly_fraction=0.0636,-544.73,61.68,-606.41,-0.5915,-1.1132,8,103690.29
fractional_kelly,commodities,CLF,2026-04-17,OPEN_EQUALS_LOW,LONG,2026-04-17T09:15:00-04:00,81.059998,81.800003,81.059998,81.32,6474.0,-10.3219,2026-04-17T09:25:00-04:00,82.099998,2026-04-17T09:30:00-04:00,82.116418,81.043786,84.261684,2026-04-17T10:15:00-04:00,81.027577,STOP_LOSS,1.082144,1263,103749.35,1.5903,1375.21,544.73,6224.96,103713.04,102528.79,311248.05,per_trade_allocation,kelly_fraction=0.0636,-1375.21,61.82,-1437.02,-1.3856,-1.0449,10,102253.27
fractional_kelly,commodities,SIF,2026-04-17,OPEN_EQUALS_HIGH,SHORT,2026-04-17T09:15:00-04:00,82.150002,82.154999,81.720001,81.830002,1024.0,4.3241,2026-04-17T13:20:00-04:00,81.574997,2026-04-17T13:25:00-04:00,81.588682,82.166432,80.433184,2026-04-17T14:25:00-04:00,82.182865,STOP_LOSS,0.208213,1253,102253.27,1.365,744.51,0.0,6135.2,102230.62,0.0,306759.81,per_trade_allocation,kelly_fraction=0.0546,-744.51,61.56,-806.07,-0.7885,-1.0827,13,101447.2
fractional_kelly,equity,BHARTIARTL_NS,2026-04-20,OPEN_EQUALS_HIGH,SHORT,2026-04-20T09:15:00+05:30,1864.0,1864.0,1853.099976,1855.0,0.0,0.7186,2026-04-20T09:20:00+05:30,1849.900024,2026-04-20T09:25:00+05:30,1849.330011,1864.3728,1819.244434,2026-04-20T15:20:00+05:30,1840.8681,END_OF_DAY,4.864267,54,101447.2,1.054,832.45,0.0,6086.83,99863.82,0.0,304341.6,per_trade_allocation,kelly_fraction=0.0422,456.94,59.78,397.16,0.3977,0.4771,13,101844.36
fractional_kelly,equity,INFY_NS,2026-04-20,OPEN_EQUALS_HIGH,SHORT,2026-04-20T09:15:00+05:30,1324.800049,1324.800049,1313.800049,1315.699951,0.0,0.3636,2026-04-20T09:20:00+05:30,1313.300049,2026-04-20T09:25:00+05:30,1312.937311,1325.065009,1288.681916,2026-04-20T15:20:00+05:30,1310.162004,END_OF_DAY,3.149998,77,101447.2,1.054,954.24,832.45,6086.83,101096.17,99863.82,304341.6,per_trade_allocation,kelly_fraction=0.0422,213.7,60.59,153.11,0.1514,0.1604,13,101997.47
fractional_kelly,equity,ITC_NS,2026-04-20,OPEN_EQUALS_HIGH,SHORT,2026-04-20T09:15:00+05:30,307.200012,307.399994,305.5,305.850006,0.0,0.1304,2026-04-20T15:05:00+05:30,305.350006,2026-04-20T15:10:00+05:30,305.288936,307.261452,301.343904,2026-04-20T15:20:00+05:30,304.660926,END_OF_DAY,0.671426,332,101447.2,1.054,675.28,1786.69,6086.83,101355.93,200959.99,304341.6,per_trade_allocation,kelly_fraction=0.0422,208.5,60.75,147.75,0.1458,0.2188,3,102145.22
fractional_kelly,equity,KOTAKBANK_NS,2026-04-20,OPEN_EQUALS_HIGH,SHORT,2026-04-20T09:15:00+05:30,382.899994,382.950012,380.25,381.850006,0.0,-0.1434,2026-04-20T15:05:00+05:30,379.399994,2026-04-20T15:10:00+05:30,379.374122,382.976574,372.169219,2026-04-20T15:20:00+05:30,378.975774,END_OF_DAY,1.45714,5,101447.2,1.054,18.4,2461.97,6086.83,1896.87,302315.92,304341.6,gross_exposure,kelly_fraction=0.0422,1.99,1.14,0.85,0.045,0.0464,3,102146.07
fractional_kelly,commodities,NGF,2026-04-20,OPEN_EQUALS_HIGH,SHORT,2026-04-20T09:15:00-04:00,2.694,2.694,2.686,2.691,967.0,0.6350,2026-04-20T09:30:00-04:00,2.678,2026-04-20T09:35:00-04:00,2.677464,2.694539,2.643316,2026-04-20T10:00:00-04:00,2.695078,STOP_LOSS,0.012071,38150,102146.07,1.3555,671.95,305.28,6128.76,102145.25,102141.53,306438.21,per_trade_allocation,kelly_fraction=0.0542,-671.95,61.49,-733.44,-0.718,-1.0915,6,101412.63
fractional_kelly,commodities,SIF,2026-04-20,OPEN_EQUALS_HIGH,SHORT,2026-04-20T09:15:00-04:00,80.139999,80.195,80.050003,80.18,225.0,-1.4692,2026-04-20T10:15:00-04:00,80.029999,2026-04-20T10:20:00-04:00,80.028989,80.156027,79.774913,2026-04-20T10:20:00-04:00,80.172059,STOP_LOSS,0.211071,1267,101412.63,1.0343,181.27,305.28,6084.76,101396.73,102141.53,304237.89,per_trade_allocation,kelly_fraction=0.0414,-181.27,60.89,-242.16,-0.2388,-1.3359,1,101170.47
fractional_kelly,commodities,HGF,2026-04-20,OPEN_EQUALS_LOW,LONG,2026-04-20T09:15:00-04:00,6.0515,6.059,6.0515,6.0575,186.0,-0.6159,2026-04-20T09:25:00-04:00,6.065,2026-04-20T09:30:00-04:00,6.067213,6.05029,6.10106,2026-04-20T10:50:00-04:00,6.049079,STOP_LOSS,0.007321,16835,102146.07,1.3555,305.28,0.0,6128.76,102141.53,0.0,306438.21,per_trade_allocation,kelly_fraction=0.0542,-305.28,61.19,-366.47,-0.3588,-1.2004,17,100804.0
fractional_kelly,equity,ITC_NS,2026-04-21,OPEN_EQUALS_LOW,LONG,2026-04-21T09:15:00+05:30,304.850006,305.700012,304.649994,305.700012,0.0,0.0821,2026-04-21T09:20:00+05:30,305.799988,2026-04-21T09:25:00+05:30,305.761152,304.789036,307.705384,2026-04-21T09:50:00+05:30,304.728078,STOP_LOSS,0.589284,313,100804.0,0.3215,323.35,323.89,6048.24,95703.24,41694.14,302412.0,risk_budget,kelly_fraction=0.0129,-323.35,57.32,-380.68,-0.3978,-1.1773,6,100423.32
fractional_kelly,equity,HDFCBANK_NS,2026-04-21,OPEN_EQUALS_LOW,LONG,2026-04-21T09:15:00+05:30,795.900024,800.349976,795.5,800.0,0.0,0.0943,2026-04-21T09:20:00+05:30,801.549988,2026-04-21T09:25:00+05:30,801.810354,795.740844,813.949374,2026-04-21T12:05:00+05:30,795.581696,STOP_LOSS,2.007137,52,100804.0,0.3215,323.89,0.0,6048.24,41694.14,0.0,302412.0,risk_budget,kelly_fraction=0.0129,-323.89,24.92,-348.81,-0.8366,-1.0769,33,100074.51
fractional_kelly,derivatives,NSEI,2026-04-21,OPEN_EQUALS_LOW,LONG,2026-04-21T09:15:00+05:30,24374.550781,24469.650391,24357.150391,24468.849609,0.0,0.2218,2026-04-21T09:35:00+05:30,24469.900391,2026-04-21T09:40:00+05:30,24474.593159,24369.675871,24684.427734,2026-04-21T15:20:00+05:30,24573.135171,END_OF_DAY,29.785575,2,100804.0,0.3215,219.58,965.31,6048.24,48949.19,165220.44,302412.0,risk_budget,kelly_fraction=0.0129,197.08,29.43,167.66,0.3425,0.7635,69,100242.17
fractional_kelly,equity,BHARTIARTL_NS,2026-04-21,OPEN_EQUALS_LOW,LONG,2026-04-21T09:15:00+05:30,1834.400024,1852.300049,1834.400024,1851.699951,0.0,-0.3314,2026-04-21T09:30:00+05:30,1853.699951,2026-04-21T09:35:00+05:30,1854.8709,1834.033144,1896.546411,2026-04-21T15:20:00+05:30,1853.729156,END_OF_DAY,4.750017,15,100804.0,0.3215,318.07,647.24,6048.24,27823.06,137397.38,302412.0,risk_budget,kelly_fraction=0.0129,-17.13,16.69,-33.81,-0.1215,-0.1063,70,100208.36
