Date,Open,High,Low,Close,Volume,RSI,MACD,MACD_Signal,MACD_Histogram,BB_Upper,BB_Middle,BB_Lower,ATR,Stoch_K,Stoch_D,SMA_20,SMA_50,EMA_12,EMA_26,Price_Change,Price_Change_Pct,Volume_SMA
2026-04-06 14:00:00+05:30,22862.44921875,22928.75,22861.75,22895.44921875,0,77.75178077798991,82.5442240969387,44.83281516054157,37.711408936397135,22995.555942412528,22603.7275390625,22211.899135712472,121.26060267857143,91.85601627841439,92.18445611806492,22603.7275390625,22588.910078125,22733.077164956576,22650.532940859637,0.0014280156579404846,0.14280156579404846,0.0
2026-04-06 14:30:00+05:30,22896.650390625,22939.94921875,22886.30078125,22917.150390625,0,73.10751252566146,91.11374116872321,54.0890003621779,37.02474080654531,23007.817996077134,22639.205078125,22270.592160172866,113.34612165178571,94.25068831175227,92.52553668550793,22639.205078125,22595.6380859375,22761.396122751717,22670.282381582994,0.000947837785040262,0.0947837785040262,0.0
2026-04-06 15:00:00+05:30,22917.05078125,22997.650390625,22912.44921875,22959.44921875,0,76.19677164129648,100.16368252930988,63.3039367956043,36.85974573370558,23026.839217407134,22673.317578125,22319.795938842864,109.65694754464286,91.59027586681343,92.5656601523267,22673.317578125,22602.5210546875,22791.865829828377,22691.702147299067,0.0018457280859101033,0.18457280859101033,0.0
2026-04-07 09:00:00+05:30,22834.80078125,22892.599609375,22720.44921875,22889.849609375,0,65.70066280006341,100.5605203684645,70.75525351017635,29.80526685828815,23020.85277077333,22703.06005859375,22385.26734641417,117.36063058035714,76.26840258668133,87.36978892174902,22703.06005859375,22609.623046875,22806.940257450933,22706.37973708247,-0.003031414591520787,-0.3031414591520787,0.0
2026-04-07 09:30:00+05:30,22891.44921875,22900.650390625,22793.0,22886.150390625,0,76.83539946206254,99.43034999608062,76.4902728073572,22.94007718872342,23013.90832190324,22729.1275390625,22444.346756221763,111.22502790178571,75.45404512933406,81.10424119427627,22729.1275390625,22617.5420703125,22819.126431785404,22719.696081789323,-0.00016160956988042763,-0.016160956988042763,0.0
2026-04-07 10:00:00+05:30,22889.349609375,22966.400390625,22879.30078125,22943.650390625,0,85.04851315322696,101.9986740633467,81.5919530585551,20.406721004791592,23028.2855532438,22751.89755859375,22475.509563943702,104.69642857142857,88.11227297743534,79.9449068978169,22751.89755859375,22627.05109375,22838.28396391457,22736.285289851225,0.0025124365180941854,0.25124365180941854,0.0
2026-04-07 10:30:00+05:30,22944.5,22965.25,22834.650390625,22843.94921875,0,68.42251702035573,94.89514588598104,84.25259162404029,10.642554261940745,23026.04541984062,22767.5775390625,22509.10965828438,105.67857142857143,66.16374862410566,76.5766889102917,22767.5775390625,22634.250078125,22839.15554158156,22744.26039569558,-0.00434547991176415,-0.43454799117641496,0.0
2026-04-07 11:00:00+05:30,22845.099609375,22947.0,22827.75,22943.599609375,0,73.07498550198287,96.19759632808928,86.6415925648501,9.556003763239175,23046.669527553084,22781.475,22516.280472446913,109.17145647321429,88.1010938359934,80.79237181251146,22781.475,22642.7390625,22855.223859703627,22759.026263375537,0.004362222559276541,0.43622225592765407,0.0
2026-04-07 11:30:00+05:30,22943.5,22991.55078125,22903.80078125,22986.849609375,0,75.41037763348204,99.57190825477664,89.22765570283542,10.344252551941224,23071.452971252464,22797.97744140625,22524.501911560033,108.83579799107143,97.31156658369633,83.85880301459846,22797.97744140625,22652.3600390625,22875.473975037683,22775.902066782906,0.0018850573029669526,0.18850573029669526,0.0
2026-04-07 12:00:00+05:30,22944.80078125,22950.5,22905.69921875,22924.75,0,67.2813314596205,96.12706234116195,90.60753703050074,5.5195253106612086,23084.213532886217,22809.20244140625,22534.191349926285,106.63936941964286,79.36009378507954,88.2575847349231,22809.20244140625,22661.3260546875,22883.054901954965,22786.927839613803,-0.002701527631244982,-0.2701527631244982,0.0
2026-04-07 12:30:00+05:30,22926.19921875,22952.05078125,22912.5,22915.900390625,0,64.6654445462878,91.62669214711786,90.81136805382417,0.8153240932936967,23086.46642809244,22824.544921875,22562.62341565756,103.89299665178571,76.85455017999436,84.50873684959008,22824.544921875,22671.068046875,22888.108054058048,22796.48136191093,-0.0003860286099085508,-0.03860286099085508,0.0
2026-04-07 13:00:00+05:30,22917.400390625,22970.69921875,22906.150390625,22959.94921875,0,62.20176489813705,90.57044888657401,90.76318422037414,-0.19273533380012964,23083.11845470177,22844.07734375,22605.03623279823,97.12862723214286,86.39934614273534,80.87133003593641,22844.07734375,22682.706015625,22899.16054093373,22808.590092047158,0.0019221949552119533,0.19221949552119533,0.0
2026-04-07 13:30:00+05:30,22961.900390625,23063.349609375,22960.05078125,22977.69921875,0,59.70435276354673,90.12672041877886,90.63589146005509,-0.5091710412762325,23085.757069443156,22861.23984375,22636.722618056847,94.5,75.02178680260873,79.42522770844614,22861.23984375,22695.261015625,22911.243414443925,22821.116694025146,0.00077308533354703,0.077308533354703,0.0
2026-04-07 14:00:00+05:30,22979.900390625,23026.150390625,22974.099609375,23014.099609375,0,61.83506534379975,91.65571964151968,90.83985709634803,0.8158625451716546,23087.8209177995,22880.15234375,22672.4837697005,94.1357421875,85.6372283769544,82.35278710743283,22880.15234375,22707.9590234375,22927.067444433324,22835.411724791804,0.0015841616812224402,0.15841616812224402,0.0
2026-04-07 14:30:00+05:30,23015.0,23101.19921875,22989.44921875,23096.69921875,0,64.60135357268368,98.39828650814889,92.3515429787082,6.04674352944069,23097.045065463062,22903.522265625,22709.99946578694,97.33217075892857,98.81812212738016,86.49237910231443,22903.522265625,22711.2980078125,22953.164640482042,22854.766353973893,0.0035890871586108375,0.35890871586108375,0.0
2026-04-07 15:00:00+05:30,23096.849609375,23151.849609375,23076.5,23129.94921875,0,65.18479081941258,105.2119980246498,94.92363398789652,10.28836403675328,23113.867999950766,22926.19970703125,22738.531414111734,98.88225446428571,94.9234189164105,93.12625647358169,22926.19970703125,22716.033984375,22980.362267907884,22875.150269883234,0.001439599645173928,0.1439599645173928,0.0
2026-04-08 09:00:00+05:30,23855.150390625,23928.099609375,23836.900390625,23877.75,0,82.65187353987783,169.00500244042632,109.73990767840249,59.265094762023836,23433.901337244108,22984.4171875,22534.93303775589,149.80719866071428,95.83077935751403,96.5241068004349,22984.4171875,22737.658984375,23118.421918998978,22949.41691655855,0.032330411717627294,3.2330411717627294,0.0
2026-04-08 09:30:00+05:30,23877.849609375,23959.75,23875.900390625,23897.400390625,0,87.14472926267281,218.62684615004764,131.51729537273152,87.10955077731612,23637.434371673873,23039.16474609375,22440.895120513625,138.72502790178572,94.65612947289479,95.13677591560645,23039.16474609375,22760.1919921875,23238.264760787595,23019.637914637548,0.0008229582194720919,0.08229582194720919,0.0
2026-04-08 10:00:00+05:30,23896.900390625,23935.099609375,23869.099609375,23908.75,0,87.4880605799372,255.91826694220435,156.3974896866261,99.52077725557825,23797.854202432765,23091.59228515625,22385.330367879735,135.75,95.49469964664311,95.32720282568397,23091.59228515625,22782.565,23341.416336051043,23085.49806910884,0.0004749307116875823,0.04749307116875823,0.0
2026-04-08 10:30:00+05:30,23909.849609375,23984.05078125,23904.05078125,23982.5,0,87.63537714554998,288.1019354609307,182.73837884148702,105.36355661944367,23948.630853881536,23147.57724609375,22346.523638305967,135.24288504464286,99.86588426859632,96.67223779604474,23147.57724609375,22806.6969921875,23440.04459204319,23151.942656582258,0.0030846447430334933,0.30846447430334933,0.0
2026-04-08 11:00:00+05:30,23982.150390625,24014.0,23975.5,23981.900390625,0,94.41482427881206,309.9860153421432,208.18790614161827,101.79810920052495,24075.069523765666,23201.8998046875,22328.73008560933,128.66434151785714,97.29402660695469,97.55153684073137,23201.8998046875,22829.678984375,23523.407022594234,23213.42100725209,-2.5001954550241123e-05,-0.0025001954550241123,0.0
2026-04-08 11:30:00+05:30,23982.75,23998.599609375,23923.5,23931.0,0,90.0633502235564,319.53862778791154,230.4580504708769,89.08057731703462,24172.61868826373,23252.59228515625,22332.56588204877,125.5107421875,92.52386431207799,96.56125839587634,23252.59228515625,22851.05796875,23586.113634502814,23266.575006714902,-0.002122450256064723,-0.2122450256064723,0.0
2026-04-08 12:00:00+05:30,23931.19921875,23973.94921875,23920.150390625,23949.25,0,89.85758820455659,324.83724292020634,249.3338889607428,75.50335395946354,24261.363261216196,23302.08232421875,22342.801387221305,123.08565848214286,94.15772314741388,94.65853802214885,23302.08232421875,22873.883984375,23641.980767656227,23317.14352473602,0.0007626091680248415,0.07626091680248415,0.0
2026-04-08 12:30:00+05:30,23950.099609375,23979.80078125,23902.25,23977.650390625,0,94.85773436758903,327.5522888666419,264.97756894192264,62.57471992471926,24340.37816489009,23356.47236328125,22372.566561672407,122.82854352678571,96.71890398593841,94.46683048181008,23356.47236328125,22899.363984375,23693.62224811296,23366.069959246317,0.0011858572032528159,0.11858572032528159,0.0
2026-04-08 13:00:00+05:30,23978.80078125,24001.599609375,23948.80078125,23999.44921875,0,95.65968135661295,327.6856098561111,277.51917712476035,50.16643273135077,24409.880045526228,23412.1373046875,22414.394563848775,123.77483258928571,98.68657432138204,96.52106715157811,23412.1373046875,22924.6849609375,23740.672551287887,23412.986941431776,0.0009091311187656714,0.09091311187656714,0.0
2026-04-08 13:30:00+05:30,23999.150390625,24024.5,23953.099609375,23985.69921875,0,94.35675675675675,322.95888858169565,286.60711941614744,36.351769165548205,24467.789260552898,23464.23974609375,22460.690231634602,124.26422991071429,96.35484900862022,97.2534424386469,23464.23974609375,22951.4429296875,23778.368961666674,23455.41007308498,-0.0005729298149582673,-0.057292981495826734,0.0
2026-04-08 14:00:00+05:30,23985.5,23988.80078125,23944.0,23978.94921875,0,93.71316306483301,315.03671221476543,292.2930379758711,22.743674238894357,24505.023815443277,23520.98974609375,22536.955676744223,120.07854352678571,95.66348397653425,96.9016357688455,23520.98974609375,22976.95890625,23809.227462756415,23494.19075054165,-0.000281417687199359,-0.0281417687199359,0.0
2026-04-08 14:30:00+05:30,23979.55078125,24017.599609375,23971.900390625,24002.19921875,0,93.64013560257749,307.0944177709971,295.25331393489625,11.841103836100842,24540.921170608486,23573.9197265625,22606.918282516515,119.62486049107143,97.84544085623818,96.6212579471309,23573.9197265625,23012.091875,23838.91542521697,23531.82100744597,0.0009696004519588186,0.09696004519588186,0.0
2026-04-08 15:00:00+05:30,24002.650390625,24018.25,23955.75,24010.599609375,0,93.19406622418742,298.0422875555523,295.81110865902747,2.2311788965248525,24569.377572571517,23625.1072265625,22680.836880553485,116.10700334821429,98.53371406909282,97.34754630062174,23625.1072265625,23048.1738671875,23865.328376625897,23567.286089070345,0.0003499842055487701,0.03499842055487701,0.0
2026-04-09 09:00:00+05:30,23908.650390625,23989.75,23816.44921875,23984.19921875,0,90.6379032887475,285.4476553704553,293.73841800131305,-8.290762630857728,24574.581190932713,23678.0796875,22781.57818406729,124.5927734375,80.62935356076679,92.33616949536594,23678.0796875,23083.50484375,23883.616198491145,23598.16854312069,-0.0010995306678927008,-0.10995306678927008,0.0
2026-04-09 09:30:00+05:30,23983.599609375,23986.099609375,23771.19921875,23786.30078125,0,40.87603473272327,256.5403313750612,286.2988006760627,-29.75846930100147,24543.73565102346,23721.59970703125,22899.463763039043,82.93205915178571,5.961909168016039,61.70832559929189,23721.59970703125,23114.356875,23868.64459583866,23612.1042644636,-0.008251200538114678,-0.8251200538114678,0.0
2026-04-09 10:00:00+05:30,23785.349609375,23871.349609375,23760.55078125,23848.19921875,0,45.472810987028204,235.90637361371046,276.2203152635922,-40.31394164988177,24506.854862584216,23766.01220703125,23025.169551478284,84.85700334821429,33.20655310710216,39.93260527862833,23766.01220703125,23147.1688671875,23865.499153209636,23629.592779595925,0.002602272546254447,0.2602272546254447,0.0
2026-04-09 10:30:00+05:30,23848.44921875,23872.19921875,23803.650390625,23828.75,0,42.74700211781872,215.5002710387089,264.07630641861556,-48.57603537990667,24449.831836014375,23808.56474609375,23167.297656173127,85.0390625,25.8380074292226,21.668823234780266,23808.56474609375,23178.1998828125,23859.84543733123,23644.34516629252,-0.0008155424471089079,-0.08155424471089079,0.0
2026-04-09 11:00:00+05:30,23828.94921875,23869.5,23814.19921875,23855.25,0,37.382153121538195,199.17070040542967,251.0951852159784,-51.92448481054873,24371.540380901602,23850.622265625,23329.704150348396,83.27483258928571,35.87781740687573,31.6407926477335,23850.622265625,23209.4048828125,23859.138446972578,23659.96774656715,0.0011121019776529906,0.11121019776529906,0.0
2026-04-09 11:30:00+05:30,23855.0,23905.400390625,23844.400390625,23886.349609375,0,41.065780342598345,186.5880062080687,238.19374941439648,-51.60574320632779,24271.41515436726,23890.10478515625,23508.79441594524,84.88197544642857,47.66023885986591,36.458687898654745,23890.10478515625,23239.835859375,23863.324779649873,23676.736773441804,0.0013036798765471147,0.13036798765471147,0.0
2026-04-09 12:00:00+05:30,23887.150390625,23907.30078125,23854.849609375,23872.55078125,0,44.12741273342386,173.50264975049868,225.25552948161692,-51.75287973111824,24061.428276568156,23927.23486328125,23793.041449994344,83.26422991071429,42.43240443385476,41.990153566865466,23927.23486328125,23267.521875,23864.74416451143,23691.24151476093,-0.000577686768830743,-0.0577686768830743,0.0
2026-04-09 12:30:00+05:30,23871.75,23885.349609375,23801.599609375,23830.69921875,0,38.628137201268,157.93476549171464,211.79137668363649,-53.85661119192184,24064.27731995755,23924.88232421875,23785.48732847995,85.40359933035714,26.57648991431235,38.889711069344344,23924.88232421875,23293.5288671875,23859.506480548134,23701.57171505642,-0.001753124870630507,-0.1753124870630507,0.0
2026-04-09 13:00:00+05:30,23830.25,23842.599609375,23767.80078125,23769.30078125,0,31.204166710715953,139.03999773350006,197.24110089360923,-58.20110316010917,24074.025249600145,23918.47734375,23762.929437899857,85.20703125,3.315031596394903,24.107975314854002,23918.47734375,23315.601875,23845.62868065611,23706.58868292261,-0.002576442971160997,-0.2576442971160997,0.0
2026-04-09 13:30:00+05:30,23769.150390625,23798.94921875,23740.80078125,23767.849609375,0,28.310438806679954,122.536140363296,182.3001087875466,-59.763968424250606,24080.96941189286,23911.43232421875,23741.89523654464,85.58914620535714,9.534332961570765,13.14195149075934,23911.43232421875,23337.8228515625,23833.662669689787,23711.12652932649,-6.105235860132119e-05,-0.006105235860132119,0.0
2026-04-09 14:00:00+05:30,23767.849609375,23800.0,23710.400390625,23720.30078125,0,26.624922589967653,104.41627561753921,166.72334215354513,-62.30706653600592,24084.458501983325,23898.32236328125,23712.186224579178,86.88909040178571,3.2159828447078076,5.355115800891158,23898.32236328125,23358.2238671875,23816.22237916059,23711.80610354305,-0.0020005523809039083,-0.20005523809039083,0.0
2026-04-09 14:30:00+05:30,23720.0,23752.150390625,23683.349609375,23741.05078125,0,29.551284634084098,90.68514197778495,151.5157021183931,-60.830560140608156,24080.631859913734,23886.2798828125,23691.92790571127,88.60337611607143,17.229353410820615,9.993223072366396,23886.2798828125,23380.8638671875,23804.657517943575,23713.97237596579,0.0008747781148037426,0.08747781148037426,0.0
2026-04-09 15:00:00+05:30,23742.44921875,23806.80078125,23726.900390625,23766.05078125,0,29.762590217056555,80.88798437424339,137.39015856956317,-56.50217419531978,24078.30330054631,23878.032421875,23677.761543203687,91.04631696428571,24.694259603776775,15.046531953101733,23878.032421875,23404.7988671875,23798.718019990716,23717.830035616473,0.0010530283697360865,0.10530283697360865,0.0
2026-04-10 09:00:00+05:30,23880.55078125,23978.19921875,23867.19921875,23936.900390625,0,45.059675620191776,85.9193769213307,127.09600223991669,-41.17662531858599,24076.835621681115,23877.41494140625,23677.99426113138,101.73549107142857,82.75145496153037,41.558355992042586,23877.41494140625,23430.847890625,23819.97684624214,23734.05746932081,0.007188809404959695,0.7188809404959695,0.0
2026-04-10 09:30:00+05:30,23937.349609375,23998.25,23921.849609375,23988.05078125,0,50.249892287806986,92.96258598191707,120.26931898831677,-27.306733006399696,24078.507101547788,23877.9349609375,23677.36282032721,93.32477678571429,96.76112858108652,68.06894771546456,23877.9349609375,23457.8919140625,23845.83437470489,23752.871788722972,0.00213688446667204,0.213688446667204,0.0
2026-04-10 10:00:00+05:30,23988.44921875,24035.599609375,23916.30078125,24009.099609375,0,68.76058719241635,99.10047582588595,116.03555035583061,-16.935074529944657,24080.262869810907,23878.41748046875,23676.572091126593,86.49609375,92.47693399574166,90.66317251278618,23878.41748046875,23485.487890625,23870.952103115676,23771.85162728979,0.0008774713842716331,0.08774713842716331,0.0
2026-04-10 10:30:00+05:30,24010.0,24026.099609375,23972.30078125,23998.849609375,0,63.89388246229001,101.96234991075107,113.22091026681471,-11.25856035606364,24082.471576775693,23879.075,23675.678423224308,82.42466517857143,89.56706884315118,92.93504380665979,23879.075,23511.936875,23890.62864254019,23788.666292629438,-0.00042692146589273783,-0.04269214658927378,0.0
2026-04-10 11:00:00+05:30,23999.69921875,24021.349609375,23971.30078125,23972.55078125,0,63.09670349999644,100.94468263495219,110.76566474044222,-9.820982105490032,24081.509329410736,23878.755078125,23676.000826839263,81.10323660714286,82.10111337828248,88.04837207239177,23878.755078125,23537.1198828125,23903.23204849554,23802.28736586059,-0.0010958370319019695,-0.10958370319019695,0.0
2026-04-10 11:30:00+05:30,23972.150390625,24007.400390625,23953.80078125,23994.150390625,0,62.764334456900606,100.72004397716591,108.75654058778696,-8.036496610621043,24080.10469590303,23878.35263671875,23676.600577534475,80.98172433035714,88.23301100070972,86.63373107404779,23878.35263671875,23560.95390625,23917.219485746227,23816.49944176906,0.0009010142296537182,0.09010142296537182,0.0
2026-04-10 12:00:00+05:30,23994.69921875,24032.599609375,23984.94921875,24009.599609375,0,61.661566209843144,100.6286545703224,107.13096338429405,-6.502308813971652,24079.917146239368,23878.30263671875,23676.68812719813,80.02818080357143,92.61887863733143,87.65100100544122,23878.30263671875,23583.9419140625,23931.431812458344,23830.80315788802,0.0006438743818175663,0.06438743818175663,0.0
2026-04-10 12:30:00+05:30,24009.349609375,24022.0,23986.150390625,24004.55078125,0,62.699748951458936,99.0075323690071,105.50627718123667,-6.498744812229575,24083.375804917043,23879.32021484375,23675.264624770454,78.84235491071429,91.18557044002839,90.67915335935652,23879.32021484375,23606.7769140625,23942.68088458014,23843.67335221113,-0.0002102837284728709,-0.02102837284728709,0.0
2026-04-10 13:00:00+05:30,24004.900390625,24021.75,23996.0,24007.05078125,0,68.35680827532366,96.80856161448537,103.76673406788642,-6.958172453401048,24097.09156493996,23890.35771484375,23683.62386474754,74.69949776785714,91.8952936479773,91.89991424177903,23890.35771484375,23629.0089453125,23952.58394560627,23855.775383991786,0.00010414691875637594,0.010414691875637594,0.0
2026-04-10 13:30:00+05:30,24007.5,24044.55078125,23999.150390625,24040.94921875,0,79.99361672762404,96.68663866874704,102.35071498805854,-5.664076319311505,24116.207847424183,23899.99521484375,23683.78258226332,72.599609375,99.00289290831914,94.02791899877495,23899.99521484375,23651.484921875,23966.178603012995,23869.491964344248,0.001412020068973785,0.1412020068973785,0.0
2026-04-10 14:00:00+05:30,24041.19921875,24047.849609375,23938.599609375,23964.75,0,68.66029682334606,89.41070280050917,99.76271255054867,-10.3520097500395,24122.126068416845,23906.79521484375,23691.464361270657,76.24972098214286,77.20175325788752,89.36664660472798,23906.79521484375,23671.5909375,23965.958817934075,23876.548115133566,-0.003169559490212248,-0.3169559490212248,0.0
2026-04-10 14:30:00+05:30,23965.349609375,24006.150390625,23947.25,23993.55078125,0,76.85008904992938,84.98875607695663,96.80792125583028,-11.819165178873646,24130.94565966736,23913.71025390625,23696.474848145142,74.05691964285714,85.10320216049382,87.10261610890016,23913.71025390625,23693.6649609375,23970.203735367293,23885.214979290336,0.0012017976924441065,0.12017976924441065,0.0
2026-04-10 15:00:00+05:30,23994.19921875,24073.80078125,23994.19921875,24051.80078125,0,78.43905508207973,85.20245871716543,94.48682874809731,-9.284370030931882,24147.282606487373,23921.9828125,23696.683018512624,74.87472098214286,93.65812187170984,85.32102576336372,23921.9828125,23716.97796875,23982.757127041554,23897.55466832439,0.0024277357082771456,0.24277357082771456,0.0
2026-04-13 09:00:00+05:30,23619.05078125,23693.69921875,23556.150390625,23604.69921875,0,41.669557360782825,48.73269986015657,85.33600297050917,-36.6033031103526,24174.45451187242,23908.590234375,23642.725956877577,104.57114955357143,9.378690522455354,62.71333818488634,23908.590234375,23730.1989453125,23924.594371919775,23875.86167205962,-0.018589109670679838,-1.8589109670679838,0.0
2026-04-13 09:30:00+05:30,23604.30078125,23680.400390625,23580.349609375,23669.05078125,0,34.462529202364735,24.73762654073289,73.21632768455392,-48.47870114382103,24185.483802312196,23900.5078125,23615.531822687804,96.56417410714286,21.8101623546901,41.61565824961843,23900.5078125,23746.7009765625,23885.279973355195,23860.54234681446,0.0027262182798279966,0.27262182798279966,0.0
2026-04-13 10:00:00+05:30,23668.80078125,23732.05078125,23634.05078125,23721.5,0,34.56113597386319,9.840140660377074,60.54109027971855,-50.70094961934148,24188.477989396935,23898.1177734375,23607.757557478068,98.10700334821429,31.9423325799794,21.043728485708282,23898.1177734375,23762.258984375,23860.083054377472,23850.242913717095,0.002215940944769512,0.22159409447695122,0.0
2026-04-13 10:30:00+05:30,23721.80078125,23757.650390625,23696.30078125,23740.0,0,34.36734842072538,-0.46803364087463706,48.33926549559992,-48.807299136474555,24189.968740233824,23896.72529296875,23603.481845703674,93.9677734375,35.51617321355132,29.756222716073598,23896.72529296875,23777.3219921875,23841.6087383194,23842.076771960274,0.0007798832282950308,0.07798832282950308,0.0
2026-04-13 11:00:00+05:30,23737.44921875,23762.75,23730.400390625,23740.5,0,34.81988133628654,-8.499018821159552,36.97160863224803,-45.47062745340758,24188.549356360432,23897.73525390625,23606.921151452065,92.43568638392857,35.61276350094515,34.35708976482528,23897.73525390625,23793.6369921875,23826.053547808722,23834.55256662988,2.106149957881165e-05,0.002106149957881165,0.0
2026-04-13 11:30:00+05:30,23740.650390625,23810.80078125,23729.400390625,23785.650390625,0,39.25611390924176,-11.092505749351403,27.358785755928142,-38.45129150527954,24186.37110638625,23899.965234375,23613.559362363747,94.67508370535714,44.33494191377053,38.487959542755654,23899.965234375,23811.0319921875,23819.837677472762,23830.930183222114,0.0019018298108717246,0.19018298108717246,0.0
2026-04-13 12:00:00+05:30,23785.94921875,23836.5,23785.44921875,23835.94921875,0,41.19635415874148,-8.985587500788824,20.08991110458475,-29.075498605373575,24184.64382600659,23903.46015625,23622.276486493407,94.49302455357143,54.05169844210431,44.66646795227333,23903.46015625,23828.5519921875,23822.3163761308,23831.301963631588,0.0021146711272954644,0.21146711272954644,0.0
2026-04-13 12:30:00+05:30,23837.599609375,23847.099609375,23780.900390625,23806.44921875,0,38.869067365830176,-9.585744570991665,14.15477996946947,-23.740524540461134,24180.893566801165,23896.93759765625,23612.981628511337,95.81794084821429,48.35287148586801,48.913170613914275,23896.93759765625,23845.1269921875,23819.87527499529,23829.461019566283,-0.0012376263990693248,-0.12376263990693248,0.0
2026-04-13 13:00:00+05:30,23806.80078125,23839.80078125,23771.75,23823.400390625,0,40.20227373082424,-8.594483612363547,9.604927253102867,-18.19941086546641,24171.081398512346,23888.705078125,23606.328757737654,98.11802455357143,51.627508612005116,51.344026179992476,23888.705078125,23861.3130078125,23820.417600476787,23829.01208408915,0.0007120411666283744,0.07120411666283744,0.0
2026-04-13 13:30:00+05:30,23824.55078125,23905.650390625,23822.900390625,23893.69921875,0,44.28815507684555,-2.112028097915754,7.261536182899143,-9.373564280814897,24159.611601938414,23882.93505859375,23606.258515249086,102.189453125,65.20787663609232,55.062752244655144,23882.93505859375,23877.2530078125,23831.691695595742,23833.803723693658,0.002950830988537767,0.2950830988537767,0.0
2026-04-13 14:00:00+05:30,23893.05078125,23897.30078125,23834.599609375,23866.05078125,0,41.13091087728195,0.7853141495616001,5.966291776231635,-5.180977626670035,24147.580242035296,23876.2951171875,23605.009992339703,103.42522321428571,59.86673558786132,58.90070694531958,23876.2951171875,23891.9750390625,23836.97770877332,23836.19239462376,-0.0011571434480226461,-0.11571434480226461,0.0
2026-04-13 14:30:00+05:30,23865.44921875,23897.44921875,23854.599609375,23883.69921875,0,45.63044641089682,4.454214752007829,5.663876371386874,-1.2096616193790455,24139.384781261222,23871.8525390625,23604.320296863778,98.68233816964286,63.27607088821561,62.783561037389745,23871.8525390625,23892.0940234375,23844.165633385117,23839.71141863311,0.00073947875422542,0.073947875422542,0.0
2026-04-13 15:00:00+05:30,23884.94921875,23888.19921875,23814.650390625,23818.900390625,0,40.936172800713585,2.1088119576052122,4.952863488630542,-2.84405153102533,24125.18109006648,23863.0900390625,23600.99898805852,99.72865513392857,50.7581960254606,57.967000833845844,23863.0900390625,23890.5240234375,23840.278672960485,23838.16986100288,-0.0027130984832588467,-0.2713098483258847,0.0
2026-04-15 09:00:00+05:30,24166.099609375,24266.69921875,24166.099609375,24192.44921875,0,55.49946694607449,30.045980536546267,9.971486898213687,20.07449363833258,24166.61014360818,23872.23251953125,23577.854895454322,125.98214285714286,89.55033108760009,67.8615326670921,23872.23251953125,23896.1980078125,23894.458756928103,23864.412776391557,0.015682874607932273,1.5682874607932273,0.0
2026-04-15 09:30:00+05:30,24193.5,24225.19921875,24146.69921875,24216.0,0,85.7404193121089,53.47036604099776,18.671262726770504,34.79910331422725,24210.49507830178,23882.80498046875,23555.11488263572,96.18568638392857,92.61320789616717,77.64057833640929,23882.80498046875,23900.8680078125,23943.926640477624,23890.456274436627,0.0009734765189357564,0.09734765189357564,0.0
2026-04-15 10:00:00+05:30,24216.80078125,24272.55078125,24214.05078125,24260.099609375,0,85.39454631793417,74.73137348276578,29.883284877969558,44.84808860479622,24260.732036248923,23895.457421875,23530.182807501074,93.2177734375,98.04993392717306,93.40449097031343,23895.457421875,23906.4319921875,23992.568635692605,23917.83726220984,0.0018210938790468312,0.18210938790468312,0.0
2026-04-15 10:30:00+05:30,24260.400390625,24273.150390625,24208.80078125,24216.099609375,0,79.92154360592204,87.02724685186695,41.312077272749036,45.71516957911791,24291.88843398627,23904.21494140625,23516.541448826232,90.81417410714286,90.10993847914487,93.59102676749502,23904.21494140625,23912.133984375,24026.958016259126,23939.93076940726,-0.0018136776315211822,-0.18136776315211822,0.0
2026-04-15 11:00:00+05:30,24216.349609375,24216.5,24174.5,24188.05078125,0,76.79591827199373,93.43148902165558,51.735959622530345,41.695529399125235,24322.755697066474,23915.37998046875,23508.00426387103,89.43205915178571,84.34949712643677,90.83645651091824,23915.37998046875,23916.91,24051.741518565414,23958.310029543758,-0.0011582719173380829,-0.11582719173380829,0.0
2026-04-15 11:30:00+05:30,24188.099609375,24226.25,24184.650390625,24217.099609375,0,77.56211723831017,99.70159679403514,61.32908705683131,38.37250973720383,24354.70188475342,23926.557421875,23498.41295899658,90.0927734375,89.69181034482759,88.05041531680308,23926.557421875,23921.698984375,24077.18122484381,23977.479628049776,0.0012009577947271755,0.12009577947271755,0.0
2026-04-15 12:00:00+05:30,24217.75,24235.650390625,24200.400390625,24219.75,0,76.40213726892384,103.68930103258026,69.8011298519811,33.88817118059916,24379.708422365882,23934.9548828125,23490.20134325912,86.79631696428571,89.3497508930067,87.797019454757,23934.9548828125,23926.105,24099.11488256015,23995.42558152757,0.00010944294187797965,0.010944294187797965,0.0
2026-04-15 12:30:00+05:30,24219.80078125,24236.650390625,24203.94921875,24207.849609375,0,73.72741750176323,104.6826073686716,76.77742535531921,27.905182013352388,24397.191911460854,23965.11240234375,23533.03289322665,85.48563058035714,86.97632022811112,88.67262715531514,23965.11240234375,23930.5480078125,24115.843302070123,24011.16069470145,-0.0004913506797138423,-0.04913506797138423,0.0
2026-04-15 13:00:00+05:30,24207.5,24238.55078125,24187.75,24196.94921875,0,75.5197483968468,103.39832781155201,82.10160584656577,21.296721964986233,24411.7709816594,23991.50732421875,23571.2436667781,84.3857421875,84.80233097145884,87.04280069752555,23991.50732421875,23934.9080078125,24128.321135405487,24024.922807593935,-0.0004502833089634617,-0.04502833089634617,0.0
2026-04-15 13:30:00+05:30,24196.900390625,24225.19921875,24191.25,24221.25,0,75.75267199506436,103.15232121766167,86.31174892078495,16.840572296876715,24428.5097861862,24016.49482421875,23604.479862251297,81.94991629464286,88.68039462922573,86.8196819429319,24016.49482421875,23939.2890234375,24142.61788380464,24039.46556258698,0.0010042911207652772,0.10042911207652772,0.0
2026-04-15 14:00:00+05:30,24221.80078125,24242.25,24214.400390625,24233.349609375,0,73.77691123428669,102.74926698492709,89.5992525336134,13.150014451313695,24442.410221324375,24041.1623046875,23639.914388050624,78.02845982142857,91.3193497818975,88.26735846086069,24041.1623046875,23943.7440234375,24156.576610815464,24053.827343830537,0.0004995452082365848,0.04995452082365848,0.0
2026-04-15 14:30:00+05:30,24232.900390625,24264.19921875,24220.150390625,24261.25,0,77.65579981521067,103.48822412327354,92.37704685154543,11.11117727172811,24453.608703031907,24067.1998046875,23680.790906343096,76.69614955357143,97.4044949563795,92.46807978916758,24067.1998046875,23949.2850390625,24172.680209151546,24069.191985028272,0.0011513220860812634,0.11513220860812634,0.0
2026-04-15 15:00:00+05:30,24262.19921875,24265.75,24206.5,24211.900390625,0,71.99158231973051,98.95110518894944,93.69185851902624,5.259246669923201,24456.09758539202,24088.5123046875,23720.927023982982,77.86760602678571,86.64122137404581,91.78835537077428,24088.5123046875,23957.79703125,24178.714083224386,24079.762978035436,-0.002034091787315173,-0.20340917873151731,0.0
2026-04-16 09:00:00+05:30,24380.25,24400.099609375,24337.69921875,24385.849609375,0,83.14144924624034,108.1450254091942,96.58249189705984,11.562533512134365,24486.30359158072,24116.00732421875,23745.71105685678,86.05691964285714,94.37648854255787,92.80740162432772,24116.00732421875,23968.5500390625,24210.58108724756,24102.436061838365,0.007184451279890203,0.7184451279890203,0.0
2026-04-16 09:30:00+05:30,24385.650390625,24396.05078125,24271.150390625,24271.55078125,0,56.63494996756246,104.99796207992767,98.2655859336334,6.732376146294271,24485.328526203975,24139.26240234375,23793.196278483523,62.992745535714285,49.270469627951066,76.76272651485158,24139.26240234375,23977.4060546875,24219.96104017101,24114.96307809108,-0.004687096408609759,-0.4687096408609759,0.0
2026-04-16 10:00:00+05:30,24271.650390625,24328.80078125,24266.5,24300.75,0,57.04200666030498,103.6650386073743,99.34547646838159,4.319562138992708,24482.268417710013,24163.1298828125,23843.991347914987,61.835658482142854,55.961976330438844,66.53631150031592,24163.1298828125,23986.3160546875,24232.39011091393,24128.725072306555,0.001203022378469365,0.1203022378469365,0.0
2026-04-16 10:30:00+05:30,24301.05078125,24327.900390625,24292.44921875,24309.55078125,0,54.36502873929819,102.14141400799781,99.90466397630485,2.2367500316929636,24482.68631481717,24183.9224609375,23885.158607057834,60.18931361607143,59.86303860372099,55.0318281873703,24183.9224609375,23994.780078125,24244.260983273325,24142.119569265327,0.00036216089009588615,0.036216089009588615,0.0
2026-04-16 11:00:00+05:30,24309.30078125,24333.19921875,24282.75,24299.150390625,0,57.79310749290736,98.9540255226384,99.71453628557155,-0.7605107629331513,24467.891254787155,24205.57744140625,23943.263628025346,59.19642857142857,55.25292839395015,57.02598110937,24205.57744140625,24003.3120703125,24252.705507481274,24153.751481958636,-0.00042783146091784907,-0.04278314609178491,0.0
2026-04-16 11:30:00+05:30,24300.25,24304.25,24195.150390625,24197.19921875,0,50.75388854552945,87.19624561362434,97.21087815118213,-10.014632537557787,24435.67506451259,24221.25244140625,24006.82981829991,63.9892578125,5.824494606110053,40.31348720126039,24221.25244140625,24010.6420703125,24244.166078445694,24156.96983283207,-0.0041956681709469645,-0.41956681709469645,0.0
2026-04-16 12:00:00+05:30,24196.30078125,24197.80078125,24152.69921875,24162.94921875,0,45.57559547936768,74.2584266465783,92.62038785026137,-18.361961203683066,24345.0625297897,24238.4548828125,24131.847235835303,64.23939732142857,4.143081574813095,21.740168191624434,24238.4548828125,24018.5150390625,24231.67117695405,24157.41275030747,-0.0014154530733234694,-0.14154530733234694,0.0
2026-04-16 12:30:00+05:30,24162.94921875,24169.75,24117.19921875,24144.55078125,0,44.00993210571843,61.80802729465722,86.45791573914055,-24.649888444483324,24348.984155837163,24236.0599609375,24123.135766037834,65.47516741071429,9.668266077531154,6.545280752818101,24236.0599609375,24026.0490625,24218.268039153427,24156.46001185877,-0.0007614317827445705,-0.07614317827445705,0.0
2026-04-16 13:00:00+05:30,24144.5,24160.19921875,24103.099609375,24116.05078125,0,42.8760674303764,49.07557165090475,78.98144692149339,-29.905875270588638,24355.93861493019,24231.0625,24106.18638506981,67.21791294642857,4.360663930976431,6.057337194440227,24231.0625,24033.9640625,24202.542307168285,24153.46673551738,-0.0011803905675533688,-0.11803905675533688,0.0
2026-04-16 13:30:00+05:30,24116.099609375,24190.5,24115.30078125,24183.19921875,0,49.018623842979814,43.89730572886765,71.96461868296824,-28.067312954100586,24353.060963747343,24227.21748046875,24101.373997190156,68.96065848214286,26.969565446127948,13.666165151545178,24227.21748046875,24042.80703125,24199.566447411627,24155.66914168276,0.002784387796703758,0.2784387796703758,0.0
2026-04-16 14:00:00+05:30,24181.900390625,24186.900390625,24132.44921875,24186.599609375,0,47.45085191922501,39.611261814403406,65.49394730925528,-25.88268549485187,24352.820125810867,24225.74248046875,24098.664835126634,70.42508370535714,28.114478114478114,19.814902497194165,24225.74248046875,24051.2180078125,24197.571549252145,24157.96028743774,0.00014060962713169367,0.014060962713169367,0.0
2026-04-16 14:30:00+05:30,24186.5,24245.0,24186.5,24230.05078125,0,49.768014262521596,39.26803015846599,60.24876387909742,-20.980733720631427,24353.679597416085,24227.84248046875,24102.005363521414,72.61439732142857,42.74450231481482,32.60951529180696,24227.84248046875,24057.081015625,24202.56835417489,24163.300324016425,0.001796497753994153,0.1796497753994153,0.0
2026-04-16 15:00:00+05:30,24229.44921875,24238.30078125,24163.44921875,24188.400390625,0,44.97414241479393,35.22907926525659,55.244826956329256,-20.01574769107267,24353.409584928253,24226.40751953125,24099.40545413425,74.81459263392857,28.720801767676768,33.19326073232323,24226.40751953125,24061.0880078125,24200.38866747491,24165.15958820965,-0.0017189559774769547,-0.17189559774769547,0.0
2026-04-17 09:00:00+05:30,24173.599609375,24234.150390625,24109.44921875,24233.349609375,0,51.488810199068375,35.24888072481917,51.245637710027246,-15.996756985208073,24354.08510834721,24227.0875,24100.08989165279,79.48967633928571,43.85521885521885,38.44017431257014,24227.0875,24065.5730078125,24205.459581613384,24170.210700888565,0.0018582964571489669,0.18582964571489669,0.0
2026-04-17 09:30:00+05:30,24232.599609375,24237.75,24166.900390625,24232.099609375,0,35.962709881738675,34.76298294270964,47.94910675656373,-13.186123813854088,24354.98692133533,24228.3,24101.613078664668,71.10756138392857,44.03464207852471,38.87022090047344,24228.3,24070.2380078125,24209.558047422863,24174.795064480153,-5.158180854691885e-05,-0.005158180854691885,0.0
2026-04-17 10:00:00+05:30,24231.400390625,24303.849609375,24205.400390625,24285.849609375,0,51.46775195974258,38.27388373515714,46.01406215228241,-7.740178417125271,24361.02875789383,24232.74501953125,24104.461281168667,69.21819196428571,79.42212526843842,55.77066206739399,24232.74501953125,24076.503984375,24221.295210800115,24183.02132706496,0.002218132182784771,0.2218132182784771,0.0
2026-04-17 10:30:00+05:30,24285.900390625,24296.30078125,24244.05078125,24254.94921875,0,45.31498485611309,38.12343144308397,44.435936010442724,-6.312504567358751,24362.963013192908,24234.42998046875,24105.896947744593,68.50027901785714,65.9929887701488,63.149918705703975,24234.42998046875,24081.7199609375,24226.47275048471,24188.349319041627,-0.0012723619359428229,-0.1272361935942823,0.0
2026-04-17 11:00:00+05:30,24255.69921875,24282.150390625,24237.75,24275.25,0,46.57198404085042,39.19053619780607,43.3868560479154,-4.196319850109333,24366.343368692273,24236.525,24106.70663130773,69.13950892857143,74.8155944691073,73.41023616923151,24236.525,24087.03296875,24233.976942717833,24194.786406520027,0.000836974799118817,0.0836974799118817,0.0
2026-04-17 11:30:00+05:30,24275.80078125,24322.25,24269.650390625,24271.44921875,0,47.19454059934724,39.276774909369124,42.564839820206146,-3.288064910837022,24367.34149530068,24237.0349609375,24106.728426574322,69.29310825892857,76.81921482999866,72.54259935641825,24237.0349609375,24092.3709375,24239.741908261243,24200.465133351874,-0.00015657022069803794,-0.015657022069803794,0.0
2026-04-17 12:00:00+05:30,24271.650390625,24293.69921875,24253.150390625,24284.0,0,60.73467889199138,39.897944200085476,42.03146069618201,-2.133516496096533,24372.00369259477,24240.63994140625,24109.27619021773,64.39662388392857,82.54623234258723,78.06034721389773,24240.63994140625,24097.909921875,24246.55084545182,24206.652901251735,0.0005171006122002275,0.05171006122002275,0.0
2026-04-17 12:30:00+05:30,24283.94921875,24285.05078125,24259.900390625,24266.099609375,0,63.29424913533135,38.50198648112928,41.32556585317147,-2.8235793720421896,24347.80200311576,24234.65244140625,24121.50287969674,62.97154017857143,74.37814714139299,77.91453143799295,24234.65244140625,24102.4129296875,24249.558347593847,24211.056361112718,-0.0007371269405781478,-0.07371269405781478,0.0
2026-04-17 13:00:00+05:30,24267.0,24292.94921875,24264.849609375,24289.349609375,0,68.43149441861621,38.824219191563316,40.82529652084984,-2.001077329286524,24350.18403367378,24235.5423828125,24120.900731951217,61.225027901785715,84.9873000311929,80.63722650505771,24235.5423828125,24108.904921875,24255.680080175563,24216.855860984,0.0009581267848672859,0.09581267848672859,0.0
2026-04-17 13:30:00+05:30,24289.5,24312.80078125,24287.44921875,24303.30078125,0,74.75189243336466,39.74715346821176,40.60966791032223,-0.8625144421104665,24350.622273952074,24235.669921875,24120.717569797926,58.957310267857146,91.09532463241368,83.48692393499985,24235.669921875,24115.099921875,24263.00634187932,24223.25918841111,0.0005743740404484665,0.05743740404484665,0.0
2026-04-17 14:00:00+05:30,24303.650390625,24326.55078125,24300.849609375,24307.099609375,0,69.67270562112745,40.32033153004886,40.55180063426756,-0.2314691042186965,24350.172816402483,24235.54736328125,24120.921910160017,55.42173549107143,91.04051963006945,89.04104809789202,24235.54736328125,24120.2058984375,24269.78992149404,24229.469589963992,0.00015630914332143142,0.015630914332143142,0.0
2026-04-17 14:30:00+05:30,24307.400390625,24356.55078125,24304.75,24349.849609375,0,73.04138318869984,43.72016811377034,41.18547413016812,2.5346939836022244,24360.60094727244,24238.08232421875,24115.56370116506,55.232421875,97.28809004394701,93.14131143547672,24238.08232421875,24135.10890625,24282.106796552653,24238.386628438882,0.001758745415413987,0.1758745415413987,0.0
2026-04-17 15:00:00+05:30,24349.599609375,24370.25,24320.099609375,24366.900390625,0,70.87054169819076,47.24579849288057,42.397539002710616,4.848259490169951,24380.16859873763,24246.5673828125,24112.96616688737,54.636021205357146,98.71564442447391,95.68141803283011,24246.5673828125,24149.0658984375,24295.151964871475,24247.906166378594,0.0007002417478354506,0.07002417478354506,0.0
2026-04-20 15:00:00+05:30,24392.94921875,24394.05078125,24318.0,24330.900390625,0,72.11337956452161,46.59783598656941,43.23759839948237,3.3602375870870347,24387.54562770153,24254.96494140625,24122.384255110974,54.7216796875,77.81094732218835,91.27156059686975,24254.96494140625,24161.25390625,24300.65172267971,24254.053886693142,-0.0014774140092865817,-0.14774140092865817,0.0
2026-04-21 09:00:00+05:30,24374.55078125,24485.599609375,24357.150390625,24450.5,0,77.35901057635994,55.099853164108936,45.610049352407685,9.48980381170125,24418.83895248864,24270.26240234375,24121.685852198858,56.86439732142857,88.98660325787196,88.50439833484472,24270.26240234375,24175.46390625,24323.70530380591,24268.6054506418,0.00491554391555038,0.491554391555038,0.0
2026-04-21 09:30:00+05:30,24449.150390625,24512.05078125,24442.44921875,24499.25,0,80.06056903243388,65.0219480677224,49.492429095470634,15.529518972251772,24452.40006417055,24289.42236328125,24126.44466239195,56.77525111607143,95.82561064934238,87.54105374313423,24289.42236328125,24190.63890625,24350.712180143462,24285.69023207574,0.0019938242571726494,0.19938242571726494,0.0
2026-04-21 10:00:00+05:30,24499.94921875,24524.650390625,24487.5,24495.400390625,0,76.56219053277877,71.74758693872354,53.94346066412122,17.804126274602325,24484.175607721474,24305.032421875,24125.889236028524,52.396763392857146,89.80482391945156,91.53901260888864,24305.032421875,24204.83390625,24372.971904832928,24301.224317894204,-0.00015713172342013415,-0.015713172342013415,0.0
2026-04-21 10:30:00+05:30,24493.599609375,24560.650390625,24491.19921875,24549.099609375,0,85.24853370031784,80.48302416599108,59.251373364495194,21.23165080149589,24523.89840888106,24323.157421875,24122.416434868937,53.625418526785715,96.42280356872827,94.01774604584072,24323.157421875,24219.0969140625,24400.068474762476,24319.585450596485,0.00219221641180245,0.219221641180245,0.0
2026-04-21 11:00:00+05:30,24549.25,24564.5,24529.94921875,24539.150390625,0,82.42813188501103,85.61617235925223,64.52433316344661,21.09183919580562,24556.07018818055,24338.61240234375,24121.154616506952,52.921875,91.85815282508736,92.69526010442239,24338.61240234375,24233.7509375,24421.46569258748,24335.84952022823,-0.0004052783567752849,-0.04052783567752849,0.0
2026-04-21 11:30:00+05:30,24539.19921875,24543.94921875,24513.650390625,24531.30078125,0,81.61601855460395,88.0360071205323,69.22666795486376,18.809339165668547,24577.37995538463,24355.757421875,24134.134888365374,51.32896205357143,89.33699681954194,92.53931773778585,24355.757421875,24247.9089453125,24438.36339853556,24350.327391415027,-0.00031988105741420636,-0.031988105741420636,0.0
2026-04-21 12:00:00+05:30,24531.650390625,24569.650390625,24527.19921875,24548.75,0,81.83257089716975,90.32059018568907,73.44545240102882,16.875137784660254,24601.21473101462,24371.52744140625,24141.840151797882,51.46484375,93.25249697336562,91.48254887266496,24371.52744140625,24261.0099609375,24455.34595260701,24365.025362421322,0.0007113042600388475,0.07113042600388475,0.0
2026-04-21 12:30:00+05:30,24547.19921875,24571.05078125,24527.69921875,24536.94921875,0,83.05075050883976,90.13983835428007,76.78432959167907,13.355508762601005,24617.954410584363,24386.769921875,24155.585433165634,52.764927455357146,88.86302025195344,90.484171348287,24386.769921875,24274.4279296875,24467.900301244394,24377.760462890114,-0.00048070802994037987,-0.04807080299403799,0.0
2026-04-21 13:00:00+05:30,24537.900390625,24555.80078125,24525.349609375,24552.650390625,0,82.732632110564,90.22350418175847,79.47216450969495,10.751339672063523,24637.48244625737,24400.1099609375,24162.737475617632,52.932896205357146,93.51188672488361,91.87580131673423,24400.1099609375,24287.806953125,24480.938776533716,24390.715272351958,0.0006398991062426251,0.06398991062426251,0.0
2026-04-21 13:30:00+05:30,24552.349609375,24569.80078125,24523.5,24555.19921875,0,82.22881931949942,89.46419157016499,81.47056992178896,7.9936216483760205,24651.817064717987,24415.1224609375,24178.42785715701,54.429268973214285,94.13342200183602,92.169442992891,24415.1224609375,24302.5329296875,24492.363459951604,24402.89926838144,0.00010381071226328586,0.010381071226328586,0.0
2026-04-21 14:00:00+05:30,24554.599609375,24584.349609375,24522.599609375,24573.099609375,0,82.84774345418411,89.27770496911035,83.03199693125325,6.245708037857099,24667.1346526954,24430.01494140625,24192.8952301171,57.004185267857146,95.97638922845866,94.54056598505942,24430.01494140625,24310.1459375,24504.78440601674,24415.50670104763,0.0007289857624666052,0.07289857624666052,0.0
2026-04-21 14:30:00+05:30,24572.599609375,24574.44921875,24526.05078125,24568.349609375,0,79.77663266827076,87.73527011108672,83.97265156721994,3.762618543866779,24677.310633872024,24444.8599609375,24212.40928800298,56.761160714285715,93.99285771901651,94.70088964977039,24444.8599609375,24317.1929296875,24514.563668071856,24426.82839796077,-0.00019330080761104096,-0.019330080761104096,0.0
2026-04-21 15:00:00+05:30,24568.19921875,24600.849609375,24548.900390625,24581.05078125,0,79.53400673400674,86.54017651022878,84.48615655582171,2.0540199544070674,24686.78462027257,24459.7125,24232.640379727432,56.8896484375,93.00022787065232,94.32315827270916,24459.7125,24323.611953125,24524.792454714647,24438.252278204418,0.0005169729378220467,0.05169729378220467,0.0
2026-04-22 09:00:00+05:30,24463.75,24515.75,24437.75,24440.400390625,0,61.718769596080364,73.39766259633689,82.26845776392476,-8.870795167587872,24676.823048716746,24468.4275390625,24260.032029408256,61.69321986607143,34.16096302114223,73.71801620360368,24468.4275390625,24328.09796875,24511.809060239317,24438.41139764298,-0.005721903098311998,-0.5721903098311998,0.0
2026-04-22 09:30:00+05:30,24439.44921875,24466.44921875,24382.099609375,24382.25,0,41.58964879852127,57.625603011707426,77.3398868134813,-19.714283801773874,24668.392759569124,24473.07255859375,24277.752357618378,56.668247767857146,0.06874999999999999,42.409980297264845,24473.07255859375,24331.981953125,24491.876897125578,24434.25129411387,-0.002379273240028623,-0.23792732400286232,0.0
2026-04-22 10:00:00+05:30,24382.900390625,24390.5,24353.69921875,24373.05078125,0,32.7690486095555,43.87803343102496,70.64751613699003,-26.769482705965075,24661.322241870457,24476.56005859375,24291.797875317043,54.32533482142857,7.8298733216902034,14.019862114277473,24476.56005859375,24335.1009765625,24473.595956221645,24429.71792279062,-0.00037729162608046707,-0.03772916260804671,0.0
2026-04-22 10:30:00+05:30,24372.30078125,24447.80078125,24367.19921875,24439.900390625,0,43.53447098976109,37.93984338568771,64.10598158672957,-26.16613820104186,24651.095015158524,24483.20009765625,24315.305180153973,57.428989955357146,34.878023723536245,14.258882348408811,24483.20009765625,24339.503984375,24468.41202305293,24430.472179667242,0.002742767410406799,0.2742767410406799,0.0
2026-04-22 11:00:00+05:30,24440.19921875,24449.69921875,24412.30078125,24435.44921875,0,35.04407947156038,32.499973162011884,57.78477990178604,-25.284806739774154,24645.112408391495,24487.480078125,24329.84774785851,55.13950892857143,33.077026418315015,25.261641154513814,24487.480078125,24344.0559765625,24463.34082239094,24430.840849228927,-0.00018212725108768257,-0.018212725108768257,0.0
2026-04-22 11:30:00+05:30,24435.94921875,24448.69921875,24390.55078125,24426.900390625,0,35.17371967515918,27.185638712842774,51.66495166399739,-24.47931295115462,24640.552486851702,24490.480078125,24340.4076693983,56.82505580357143,29.618068452122237,32.52437286465783,24490.480078125,24348.655,24457.734602119257,24430.548963406414,-0.00034985352830918526,-0.034985352830918526,0.0
2026-04-22 12:00:00+05:30,24426.849609375,24436.349609375,24400.150390625,24409.900390625,0,34.3435615582636,21.35605316192232,45.60317196358238,-24.247118801660065,24630.30429760363,24494.430078125,24358.555858646367,57.246512276785715,22.739665404888534,28.47825342510859,24494.430078125,24352.4280078125,24450.375492658604,24429.019439496682,-0.0006959540395278241,-0.06959540395278241,0.0
2026-04-22 12:30:00+05:30,24410.19921875,24433.400390625,24395.5,24429.75,0,34.74756173272185,18.128784852378885,40.108294541341685,-21.9795096889628,24630.9851875747,24493.392578125,24355.7999686753,56.921456473214285,30.771054440853163,27.709596099287975,24493.392578125,24356.356015625,24447.202339941898,24429.07355508952,0.0008131786306928568,0.08131786306928568,0.0
2026-04-22 13:00:00+05:30,24431.80078125,24437.69921875,24385.44921875,24415.599609375,0,34.53952770796526,14.264896356551617,34.939614904383674,-20.674718547832057,24631.072309449944,24489.21005859375,24347.34780773756,57.557059151785715,25.04563738235038,26.18545240936402,24489.21005859375,24359.4430078125,24442.340381393144,24428.075485036592,-0.0005792278113775362,-0.05792278113775362,0.0
2026-04-22 13:30:00+05:30,24415.900390625,24453.05078125,24409.0,24449.55078125,0,37.44834244028172,13.783425959743909,30.708377115455725,-16.924951155711817,24629.83654321782,24486.917578125,24343.99861303218,58.52845982142857,38.78268703424187,31.533126285815133,24486.917578125,24364.196015625,24443.449673678813,24429.66624771907,0.0013905524508177614,0.13905524508177614,0.0
2026-04-22 14:00:00+05:30,24449.849609375,24458.25,24390.69921875,24405.599609375,0,33.45515969189164,9.743053095186042,26.51531231140179,-16.772259216215748,24623.920165843443,24479.742578125,24335.564990406554,60.046316964285715,20.999517942801145,28.275947453131124,24479.742578125,24364.591015625,24437.626586862843,24427.883533767657,-0.0017976269694371938,-0.17976269694371938,0.0
2026-04-22 14:30:00+05:30,24405.650390625,24430.25,24402.80078125,24425.75,0,33.78469580318877,8.07392542386151,22.827034933893735,-14.753109510032225,24617.32942592493,24474.07255859375,24330.81569126257,57.596261160714285,29.152606665033463,29.644937214025486,24474.07255859375,24367.675,24435.799419653173,24427.72549422931,0.0008256462019995414,0.08256462019995414,0.0
2026-04-22 15:00:00+05:30,24423.150390625,24423.150390625,24356.69921875,24367.650390625,0,30.234588988397505,2.0394670939240314,18.669521365899794,-16.630054271975762,24613.996368951415,24465.8900390625,24317.783709173582,59.07142857142857,5.644810772793008,18.5989784602092,24465.8900390625,24369.0130078125,24425.31495364884,24423.275486554918,-0.002378621306408202,-0.23786213064082018,0.0
2026-04-23 09:00:00+05:30,24208.150390625,24232.25,24138.849609375,24230.44921875,0,22.271446578186413,-13.656449491860258,12.204327194347783,-25.86077668620804,24626.308649595358,24449.975,24273.64135040464,71.70368303571429,24.303399957507008,19.700272465111155,24449.975,24367.4309765625,24395.33560981825,24408.99205931011,-0.005630463736782221,-0.5630463736782221,0.0
2026-04-23 09:30:00+05:30,24230.5,24298.44921875,24193.5,24287.5,0,36.064581590330555,-21.247131509302562,5.514035453617715,-26.761166962920278,24622.98441853738,24437.5025390625,24252.020659587623,68.96428571428571,45.37563121903524,25.10794731644508,24437.5025390625,24367.19796875,24378.745516000057,24399.99264750936,0.002354507782127868,0.23545077821278682,0.0
2026-04-23 10:00:00+05:30,24288.0,24309.900390625,24260.599609375,24261.30078125,0,38.294912409366184,-29.042080665312824,-1.3971877701683928,-27.64489289514443,24615.950224704662,24422.93505859375,24229.919892482838,66.46079799107143,38.33782783902943,36.005619671857225,24422.93505859375,24368.48,24360.67709526928,24389.71917593459,-0.0010787120432320663,-0.10787120432320663,0.0
2026-04-23 10:30:00+05:30,24263.5,24265.400390625,24185.19921875,24215.349609375,0,35.751721411857716,-38.48389122867957,-8.814528461870628,-29.669362766808938,24609.481572693774,24405.942578125,24202.403583556224,69.56082589285714,23.951129129900387,35.88819606265501,24405.942578125,24369.5280078125,24338.319020516312,24376.80291174499,-0.001894011054448974,-0.1894011054448974,0.0
2026-04-23 11:00:00+05:30,24216.0,24225.650390625,24186.75,24197.75,0,25.98449600390505,-46.84671573725791,-16.420965916948084,-30.425749820309825,24594.9917633169,24387.17509765625,24179.358431995603,66.58217075892857,18.44092629622156,26.909961088383785,24387.17509765625,24370.5919921875,24316.693017359958,24363.539733097216,-0.0007267955928328407,-0.07267955928328407,0.0
2026-04-23 11:30:00+05:30,24198.150390625,24218.099609375,24172.849609375,24206.099609375,0,27.42856264151959,-52.1988548096524,-23.57654369548895,-28.622311114163452,24573.51038619625,24369.06259765625,24164.614809116254,67.14299665178571,21.055077568441842,21.149044331521257,24369.06259765625,24372.39296875,24299.67864690073,24351.877501710384,0.0003450572625554038,0.03450572625554038,0.0
2026-04-23 12:00:00+05:30,24208.05078125,24231.5,24179.349609375,24180.099609375,0,26.517702502806088,-57.8713414924714,-30.435503254885443,-27.43583823758596,24544.36880479355,24349.0150390625,24153.661273331447,66.71456473214286,12.91482453082864,17.470276131830673,24349.0150390625,24372.3309765625,24281.281871896772,24339.153213389243,-0.001074109436033699,-0.10741094360336989,0.0
2026-04-23 12:30:00+05:30,24182.599609375,24217.05078125,24167.099609375,24214.69921875,0,32.02910069083572,-58.896012174249336,-36.12760503875822,-22.768407135491117,24536.895133644084,24337.72998046875,24138.564827293416,67.69684709821429,23.747500504485334,19.23913420125193,24337.72998046875,24372.89296875,24271.03838679727,24329.93439897152,0.0014309126072244993,0.14309126072244993,0.0
2026-04-23 13:00:00+05:30,24215.849609375,24281.099609375,24200.75,24271.44921875,0,36.353472834908175,-54.500571686479816,-39.80219836830254,-14.698373318177275,24532.302734976915,24332.18994140625,24132.077147835585,70.72893415178571,41.51516819235261,26.059164409222188,24332.18994140625,24373.7209375,24271.101591713075,24325.602163399555,0.0023436177954281323,0.23436177954281323,0.0
2026-04-23 13:30:00+05:30,24271.75,24272.44921875,24204.30078125,24241.5,0,35.38949224883709,-52.82487283781302,-42.40673326220464,-10.418139575608379,24528.696074523097,24325.61240234375,24122.528730164406,71.86453683035714,32.13846746528224,32.46704538737339,24325.61240234375,24374.7829296875,24266.547500680295,24319.37237351811,-0.001233927915884947,-0.1233927915884947,0.0
2026-04-23 14:00:00+05:30,24242.099609375,24242.75,24189.19921875,24189.44921875,0,28.815721657684264,-55.06220959070197,-44.93782852790411,-10.124381062797859,24517.384019610065,24313.08984375,24108.795667889935,72.54310825892857,15.84206245834174,29.831899371992193,24313.08984375,24373.904921875,24254.686226537175,24309.748436127877,-0.002147176587669941,-0.2147176587669941,0.0
2026-04-23 14:30:00+05:30,24190.94921875,24194.05078125,24157.94921875,24180.849609375,0,30.576467331492353,-56.873627913159,-47.32498840495509,-9.548639508203905,24504.27993986525,24300.35986328125,24096.43978669725,70.29673549107143,14.413158441523624,20.797896121715862,24300.35986328125,24372.879921875,24243.326746973766,24300.200374886925,-0.0003555107558353976,-0.03555107558353976,0.0
2026-04-23 15:00:00+05:30,24181.80078125,24216.69921875,24149.80078125,24156.05078125,0,26.877608021487077,-59.6229518861619,-49.78458110119645,-9.838370784965448,24491.32746199429,24286.8173828125,24082.30730363071,73.11453683035714,6.050342809249667,12.101854569705003,24286.8173828125,24370.2839453125,24229.899675323955,24289.522627210117,-0.0010255565261605426,-0.10255565261605426,0.0
2026-04-24 09:00:00+05:30,24109.55078125,24203.349609375,24056.80078125,24058.099609375,0,25.158462956345105,-68.91128549736095,-53.609921980429355,-15.301363516931595,24489.102893671283,24269.22734375,24049.35179382872,78.65011160714286,0.513168759211958,6.992223336661742,24269.22734375,24366.346953125,24203.468895947193,24272.380181444554,-0.0040549331826637,-0.40549331826637003,0.0
2026-04-24 09:30:00+05:30,24058.05078125,24061.599609375,23944.849609375,23955.0,0,26.615197882881986,-83.62762641926747,-59.61346286819699,-24.01416355107048,24493.14915777817,24245.48984375,23997.830529721832,70.646484375,2.780542090676597,3.1146845530460667,24245.48984375,24359.941953125,24165.24291195532,24248.870538374587,-0.00428544278430143,-0.428544278430143,0.0
2026-04-24 10:00:00+05:30,23954.900390625,24003.349609375,23937.400390625,23957.69921875,0,19.154299743527915,-93.98917947581504,-66.4886061897206,-27.500573286094436,24488.06139194572,24222.59482421875,23957.128256491782,67.86077008928571,5.449349832214765,2.9143535607010995,24222.59482421875,24353.666953125,24133.313113000655,24227.30229247647,0.00011267872051767824,0.011267872051767824,0.0
2026-04-24 10:30:00+05:30,23956.19921875,23971.19921875,23915.5,23925.400390625,0,18.93821996337195,-103.61264830814616,-73.91341461340572,-29.699233694740443,24470.852607483994,24196.3873046875,23921.92200189101,68.31780133928571,2.7079871999658094,3.6459597076190504,24196.3873046875,24346.4949609375,24101.326540327475,24204.93918863562,-0.0013481606822963732,-0.13481606822963732,0.0
2026-04-24 11:00:00+05:30,23925.55078125,23943.80078125,23904.25,23931.30078125,0,21.631796388263623,-109.50094573879687,-81.03092083848395,-28.47002490031292,24452.926503264225,24172.67236328125,23892.418223298275,65.41420200892857,7.178137001352702,5.111824677844418,24172.67236328125,24339.798984375,24075.16873123863,24184.669676977428,0.00024661617062471386,0.024661617062471386,0.0
2026-04-24 11:30:00+05:30,23930.400390625,23949.30078125,23894.55078125,23898.25,0,20.98417359844386,-115.50293971450083,-87.92532461368732,-27.577615100813503,24425.553084574138,24146.29736328125,23867.041641988362,66.54631696428571,0.9569861504802615,3.614370117266251,24146.29736328125,24331.9769921875,24047.950464894227,24163.45340460873,-0.0013810691509044126,-0.13810691509044126,0.0
2026-04-24 12:00:00+05:30,23897.75,23936.5,23878.900390625,23881.80078125,0,19.06710036551422,-120.20127222008523,-94.38051413496692,-25.820758085118314,24404.69185380445,24122.0048828125,23839.31791182055,67.42843191964286,0.7211328341248798,2.9520853286526076,24122.0048828125,24323.5469921875,24022.38897510281,24142.590247322896,-0.0006883022292427654,-0.06883022292427654,0.0
2026-04-24 12:30:00+05:30,23881.849609375,23919.05078125,23880.30078125,23904.349609375,0,23.523565197170527,-120.71371997694223,-99.64715530336198,-21.066564673580245,24399.451760836375,24105.69990234375,23811.948043851124,66.47126116071429,6.327515709526724,2.6685448980439475,24105.69990234375,24315.4919921875,24004.22907268315,24124.94279266009,0.0009441845835471696,0.09441845835471696,0.0
2026-04-24 13:00:00+05:30,23904.30078125,23905.5,23851.25,23878.30078125,0,17.1611171275606,-121.81752465138197,-104.08122917296599,-17.736295478415983,24382.65516346476,24085.23994140625,23787.82471934774,66.7783203125,6.29308033787253,4.447242960508038,24085.23994140625,24306.061015625,23984.85548938574,24106.673014037122,-0.0010897108078934403,-0.10897108078934403,0.0
2026-04-24 13:30:00+05:30,23878.400390625,23878.55078125,23826.400390625,23846.30078125,0,6.39013991954225,-123.84680153703812,-108.03434364578042,-15.812457891257694,24368.029887936227,24064.48994140625,23760.94999487627,64.76409040178571,4.461482548592897,5.6940261986640435,24064.48994140625,24295.6490234375,23963.53938044178,24087.386181978818,-0.001340128859802614,-0.1340128859802614,0.0
2026-04-24 14:00:00+05:30,23847.599609375,23890.349609375,23815.349609375,23888.55078125,0,14.687145816234803,-120.65496090286615,-110.55846709719758,-10.096493805668572,24352.67878037558,24048.15,23743.621219624423,65.25348772321429,17.12707182320442,9.293878236556608,24048.15,24286.80203125,23952.002672873816,24072.657633776682,0.0017717632763074587,0.17717632763074587,0.0
2026-04-24 14:30:00+05:30,23887.75,23930.5,23885.94921875,23920.900390625,0,22.02878148610766,-114.19865013218805,-111.28650370419568,-2.9121464279923686,24335.352878464168,24034.30751953125,23733.26216059833,64.61063058035714,26.298961998335695,15.962505456710995,24034.30751953125,24276.2100390625,23947.217706374,24061.416356506186,0.0013541888610668629,0.1354188861066863,0.0
2026-04-24 15:00:00+05:30,23920.650390625,23924.19921875,23863.30078125,23903.94921875,0,21.652090106734803,-109.19110810949496,-110.86742458525555,1.6763164757605864,24314.211323659016,24019.2,23724.188676340986,66.3818359375,22.075419361431887,21.833817727657323,24019.2,24264.3040234375,23940.561015970306,24049.7521240798,-0.0007086343573272647,-0.07086343573272647,0.0
2026-04-27 09:00:00+05:30,23965.349609375,24066.44921875,23952.0,24042.0,0,40.52180857280129,-93.01087915314929,-107.29611549883431,14.285236345685021,24297.759761850808,24012.29501953125,23726.830277211695,73.21051897321429,58.41504913015464,35.59647682997407,24012.29501953125,24255.236015625,23956.167013513335,24049.177892666485,0.005775229021224515,0.5775229021224515,0.0
2026-04-27 09:30:00+05:30,24045.05078125,24107.349609375,23998.30078125,24099.05078125,0,53.65147699606065,-74.72304908304068,-100.78150221567559,26.05845313263491,24279.10963592111,24006.51259765625,23733.915559391386,70.53194754464286,97.15793557363014,59.21613468840555,24006.51259765625,24246.2350390625,23978.14913162667,24052.87218070971,0.0023729631998170575,0.23729631998170575,0.0
2026-04-27 10:00:00+05:30,24098.75,24103.150390625,24045.400390625,24058.30078125,0,60.363272983776156,-62.79414462260684,-93.18403069706184,30.389886074455006,24240.023982780414,23995.85517578125,23751.686368782084,66.31766183035714,83.20245612157534,79.59181360845336,23995.85517578125,24236.618046875,23990.480154645644,24053.27429926825,-0.0016909379697106486,-0.16909379697106486,0.0
2026-04-27 10:30:00+05:30,24058.099609375,24088.94921875,24013.0,24072.19921875,0,61.234353081858394,-51.623826801780524,-84.87198991800558,33.24816311622506,24206.11434445361,23987.39013671875,23768.66592898389,67.03194754464286,87.96219499143835,89.44086222888127,23987.39013671875,24227.436015625,24003.052318354006,24054.676145155787,0.0005776982184391155,0.05776982184391155,0.0
2026-04-27 11:00:00+05:30,24071.94921875,24077.5,24026.849609375,24030.94921875,0,60.17732780408065,-45.57444586749625,-77.01248110790372,31.438035240407473,24177.908942355993,23979.46513671875,23781.02133108151,66.67131696428571,73.83548266267124,81.66671125856165,23979.46513671875,24217.08,24007.34414918416,24052.918595051655,-0.0017135949908503312,-0.17135949908503312,0.0
2026-04-27 11:30:00+05:30,24031.650390625,24039.900390625,23974.400390625,24037.19921875,0,60.20415844863668,-39.81695999741714,-69.57337688580641,29.756416888389268,24149.275320364264,23972.2826171875,23795.289914010733,68.52483258928571,75.97589362157534,79.25785709189496,23972.2826171875,24207.085,24011.93723680967,24051.754196807087,0.0002600812786506257,0.02600812786506257,0.0
2026-04-27 12:00:00+05:30,24036.19921875,24066.099609375,24022.80078125,24059.0,0,65.83280752243033,-33.113261053647875,-62.28135371937471,29.16809266572683,24127.744705816614,23967.430078125,23807.115450433383,67.70689174107143,83.44191459760275,77.75109696061644,23967.430078125,24197.2119921875,24019.177661915877,24052.290922969525,0.0009069601267437388,0.09069601267437388,0.0
2026-04-27 12:30:00+05:30,24057.75,24092.849609375,24056.94921875,24071.5,0,68.83060482213622,-26.486565174018324,-55.12239601030343,28.63583083628511,24130.113294334507,23968.10009765625,23806.086900977993,66.15694754464286,87.72273651541096,82.38018157819634,23968.10009765625,24187.5380078125,24027.227252390356,24053.713817564374,0.0005195560912756303,0.05195560912756303,0.0
2026-04-27 13:00:00+05:30,24071.69921875,24120.19921875,24069.400390625,24107.5,0,69.64132622809039,-18.121073357506248,-47.722131479744,29.601058122237752,24149.09857236507,23975.72509765625,23802.35162294743,67.017578125,95.83426766528065,88.99963959276478,23975.72509765625,24178.226015625,24039.576905868766,24057.697979226272,0.0014955445236066733,0.14955445236066733,0.0
2026-04-27 13:30:00+05:30,24107.80078125,24129.30078125,24099.400390625,24114.25,0,73.69674382110631,-10.82194360545327,-40.34209390488586,29.520150299432586,24167.323676836542,23983.55263671875,23799.781596600955,65.2783203125,95.20601208139702,92.9210054206962,23983.55263671875,24169.1440234375,24051.06507419665,24061.887017802102,0.000279995851913295,0.0279995851913295,0.0
2026-04-27 14:00:00+05:30,24113.349609375,24124.55078125,24102.19921875,24111.19921875,0,78.24665317105274,-5.223292376860627,-33.31833359928081,28.095041222420186,24182.91288815471,23992.842578125,23802.77226809529,63.149832589285715,94.23427458738483,95.09151811135416,23992.842578125,24159.7469921875,24060.316481051013,24065.539773427874,-0.0001265136278341128,-0.01265136278341128,0.0
2026-04-27 14:30:00+05:30,24109.900390625,24130.30078125,24078.900390625,24121.94921875,0,76.68006251395401,0.08018983786678291,-26.638628911851296,26.71881874971808,24198.47686592421,24002.375,23806.27313407579,61.464146205357146,96.87207397003745,95.4374535462731,24002.375,24153.37796875,24069.79844069701,24069.718250859143,0.00044585090531867877,0.04458509053186788,0.0
2026-04-27 15:00:00+05:30,24118.19921875,24119.44921875,24077.849609375,24110.19921875,0,72.70844364887091,3.297103939577937,-20.65148234156545,23.94858628114339,24208.287939396887,24012.9724609375,23817.656982478115,61.431919642857146,92.47132490636703,94.52589115459642,24012.9724609375,24147.936953125,24076.013945012855,24072.716841073277,-0.0004871082304934715,-0.04871082304934715,0.0
2026-04-28 09:00:00+05:30,24044.900390625,24133.150390625,24001.349609375,24115.349609375,0,76.09868779568,6.1907617735123495,-15.28303351854989,21.473795292062242,24214.803006757757,24024.64990234375,23834.496797929743,66.49637276785714,90.17347895934188,93.17229261191545,24024.64990234375,24142.7829296875,24082.065585683955,24075.874823910443,0.00021361875023395704,0.021361875023395704,0.0
2026-04-28 09:30:00+05:30,24116.19921875,24156.349609375,24090.400390625,24155.30078125,0,68.45876767599628,11.574310690146376,-9.911564676810638,21.485875366957014,24227.04511839455,24037.1974609375,23847.349803480447,59.599888392857146,99.42355997337856,94.02278794636248,24037.1974609375,24137.0909375,24093.33253884796,24081.758228157814,0.001656669819104284,0.1656669819104284,0.0
2026-04-28 10:00:00+05:30,24154.349609375,24181.75,24144.5,24166.80078125,0,62.96146832869997,16.577668836340308,-4.613717974180449,21.191386810520758,24234.343061723135,24051.6224609375,23868.901860151862,54.471400669642854,92.79033184819569,94.12912359363871,24051.6224609375,24131.71796875,24104.635345371353,24088.057676535012,0.0004760859781520743,0.04760859781520743,0.0
2026-04-28 10:30:00+05:30,24168.19921875,24174.650390625,24124.25,24167.80078125,0,74.7065044949762,20.388531556727685,0.3867319320011777,20.00179962472651,24229.76286861072,24067.6974609375,23905.63205326428,53.94642857142857,93.27260910109926,95.16216697422449,24067.6974609375,24126.5359765625,24114.353104737296,24093.96457318057,4.1379080708781046e-05,0.004137908070878105,0.0
2026-04-28 11:00:00+05:30,24169.849609375,24169.849609375,24057.900390625,24058.0,0,47.763930069758004,14.382865593426686,3.1859586642862796,11.196906929140408,24214.828562731018,24076.169921875,23937.511281018982,56.517857142857146,40.3181899531852,75.46037696749339,24076.169921875,24119.49796875,24105.683396316173,24091.300530722747,-0.004543267393001149,-0.4543267393001149,0.0
2026-04-28 11:30:00+05:30,24057.849609375,24093.80078125,24045.349609375,24056.0,0,54.501424901379984,9.354120287778642,4.419590988984752,4.93452929879389,24201.43330039425,24082.92490234375,23964.416504293255,56.360770089285715,39.35363544737809,57.64814483388751,24082.92490234375,24112.02296875,24098.039796882917,24088.685676595138,-8.31324299609415e-05,-0.00831324299609415,0.0
2026-04-28 12:00:00+05:30,24058.099609375,24058.599609375,24003.849609375,24012.44921875,0,46.07833428238965,1.8334840621246258,3.902369603612727,-2.0688855414881013,24179.02695346533,24088.34990234375,23997.67285122217,55.59291294642857,6.15276349266497,28.608196297742747,24088.34990234375,24103.9599609375,24084.8720156317,24083.038531569575,-0.0018103916382606888,-0.18103916382606888,0.0
2026-04-28 12:30:00+05:30,24011.900390625,24040.44921875,23992.55078125,24007.349609375,0,41.35857737577853,-4.486453148139844,2.2246050532622133,-6.711058201402057,24182.213856691236,24086.6173828125,23991.020908933762,55.921456473214285,7.821823061835449,17.776074000626163,24086.6173828125,24095.1159375,24072.945491592207,24077.431944740347,-0.00021237356208625435,-0.021237356208625435,0.0
2026-04-28 13:00:00+05:30,24007.900390625,24049.0,23999.69921875,24019.44921875,0,41.27990681116172,-8.42163222999443,0.09535759661088461,-8.516989826605315,24182.583511339864,24082.6373046875,23982.69109803514,56.878627232142854,14.216991844740374,9.397192799746927,24082.6373046875,24087.3929296875,24064.71529577033,24073.136928000324,0.0005039960500377028,0.050399605003770276,0.0
2026-04-28 13:30:00+05:30,24021.05078125,24029.849609375,23961.599609375,24010.55078125,0,32.135865027495456,-12.118623593498342,-2.347438641410961,-9.771184952087381,24184.818198250072,24080.2498046875,23975.68141112493,58.12513950892857,22.235332735967066,14.758049214180957,24080.2498046875,24079.0889453125,24056.382293536433,24068.50091712993,-0.0003704680077781797,-0.03704680077781797,0.0
2026-04-28 14:00:00+05:30,24011.599609375,24013.44921875,23972.94921875,23997.400390625,0,28.965114725509636,-15.926056835916825,-5.0631622803121346,-10.86289455560469,24187.44709320534,24076.50986328125,23965.572633357162,58.882254464285715,16.261965808174455,17.571430129627295,24076.50986328125,24071.6839453125,24047.308154626982,24063.2342114629,-0.0005476921685306779,-0.05476921685306779,0.0
2026-04-28 14:30:00+05:30,23998.94921875,24046.44921875,23998.44921875,24039.150390625,0,38.61612240237497,-15.397110722875368,-7.129951968824781,-8.267158754050588,24187.20679428785,24076.919921875,23966.63304946215,60.78920200892857,35.22627465244816,24.574524398863222,24076.919921875,24067.85796875,24046.05311401129,24061.450224734166,0.0017397717802929424,0.17397717802929424,0.0
2026-04-28 15:00:00+05:30,24039.849609375,24042.44921875,23958.05078125,24016.5,0,33.94263484736729,-16.614097371082607,-9.026781049276346,-7.587316321806261,24188.112720329478,24075.8849609375,23963.65720154552,63.146205357142854,26.12848586445946,25.87224210836069,24075.8849609375,24062.43796875,24041.50648108648,24058.12057845756,-0.0009422292492430318,-0.09422292492430318,0.0
2026-04-29 09:00:00+05:30,24103.0,24122.400390625,24060.650390625,24111.55078125,0,50.1641631003103,-9.795843991520087,-9.180593637725096,-0.6152503537949912,24191.53364566788,24078.5125,23965.49135433212,67.560546875,68.61892538460195,43.32456196716985,24078.5125,24059.44296875,24052.28252726548,24062.078371257,0.003957728280557182,0.39577282805571823,0.0
2026-04-29 09:30:00+05:30,24110.44921875,24180.099609375,24087.349609375,24173.19921875,0,56.178528367536806,0.5755500408049556,-7.2293649020190855,7.804914942824041,24204.187863798237,24083.5974609375,23963.007058076764,64.77120535714286,96.17755426336284,63.641655170808086,24083.5974609375,24058.5999609375,24070.885095186175,24070.30954514537,0.0025568010145551323,0.25568010145551323,0.0
2026-04-29 10:00:00+05:30,24174.599609375,24294.5,24174.599609375,24290.150390625,0,62.368110863902956,18.02416534344593,-2.178658852926083,20.202824196372013,24244.560521827487,24092.72998046875,23940.899439110013,68.72488839285714,98.70720182048275,87.83456048948251,24092.72998046875,24060.44796875,24104.61821756138,24086.594052217933,0.004838051050532366,0.4838051050532366,0.0
2026-04-29 10:30:00+05:30,24290.400390625,24291.69921875,24254.80078125,24287.099609375,0,61.20724477875913,31.24596212934557,4.5062653435282485,26.739696785817323,24276.284186132973,24101.3724609375,23926.460735742025,68.69977678571429,97.80044351046662,97.56173319810408,24101.3724609375,24062.06796875,24132.692277840397,24101.44631571105,-0.00012559746238449687,-0.012559746238449687,0.0
2026-04-29 11:00:00+05:30,24288.25,24298.849609375,24260.0,24263.25,0,58.52909351111732,39.346307443036494,11.474273763429899,27.872033679606595,24298.308362718246,24108.975,23919.64163728175,67.87472098214286,89.55406931095943,95.35390488063626,24108.975,24063.7309765625,24152.778081249566,24113.43177380653,-0.0009819867237582658,-0.09819867237582658,0.0
2026-04-29 11:30:00+05:30,24266.099609375,24286.400390625,24263.5,24276.94921875,0,73.62170545249192,46.33715603703604,18.446850218151127,27.89030581888491,24320.437691615025,24116.725,23913.012308384972,61.531947544642854,93.57380694485039,93.64277325542548,24116.725,24064.9759765625,24171.88133317271,24125.544177135675,0.0005646077401006977,0.05646077401006977,0.0
2026-04-29 12:00:00+05:30,24278.19921875,24316.150390625,24267.55078125,24307.099609375,0,75.53903670654233,53.69141722421773,25.495763619364446,28.195653604853284,24347.27749744156,24126.57001953125,23905.86254162094,61.542550223214285,97.4725520461202,93.53347610064334,24126.57001953125,24065.688984375,24192.68414489614,24138.99272767192,0.00124193490513691,0.124193490513691,0.0
2026-04-29 12:30:00+05:30,24309.349609375,24331.650390625,24305.5,24316.849609375,0,83.2460867005414,59.61921254495246,32.32045340448205,27.29875914047041,24373.035115740786,24136.64501953125,23900.254923321714,59.499720982142854,96.03833064098744,95.69489654398599,24136.64501953125,24067.1959765625,24211.786524046733,24152.16731150178,0.00040111737544523685,0.040111737544523685,0.0
2026-04-29 13:00:00+05:30,24318.94921875,24334.19921875,24304.599609375,24305.19921875,0,82.07169806559074,62.65469951225532,38.38730262603671,24.267396886218613,24392.235984813884,24144.13994140625,23896.043897998617,58.192661830357146,92.29027769123725,95.26705345944829,24144.13994140625,24069.5109765625,24226.157707847236,24163.50300833498,-0.0004791077303248903,-0.04791077303248903,0.0
2026-04-29 13:30:00+05:30,24307.25,24317.0,24254.94921875,24254.94921875,0,73.43283582089552,60.310369363989594,42.77191597362729,17.538453390362307,24401.42428238173,24148.54736328125,23895.67044418077,59.10337611607143,78.93118989760525,89.0865994099433,24148.54736328125,24070.99296875,24230.587171063045,24170.276801699056,-0.0020674588818525574,-0.20674588818525574,0.0
2026-04-29 14:00:00+05:30,24256.19921875,24259.849609375,24184.94921875,24186.69921875,0,65.6757094984496,52.34190136333564,44.68591305156896,7.655988311766677,24402.812972050422,24149.49228515625,23896.17159826208,59.578404017857146,60.78675722267223,77.33607493717157,24149.49228515625,24071.6059375,24223.8351783995,24171.493277036163,-0.002813858705061345,-0.2813858705061345,0.0
2026-04-29 14:30:00+05:30,24188.44921875,24230.69921875,24182.099609375,24185.44921875,0,67.0968658439137,45.402595649280556,44.82924957111128,0.5733460781692727,24405.885337710093,24155.86474609375,23905.844154477407,60.156947544642854,60.45444160591522,66.72412957539755,24155.86474609375,24074.1529296875,24217.929646145727,24172.527050496446,-5.1681297588146435e-05,-0.0051681297588146435,0.0
2026-04-29 15:00:00+05:30,24187.349609375,24209.80078125,24142.94921875,24163.599609375,0,61.73936754290936,37.70542038870917,43.404483734630865,-5.699063345921694,24406.808260587535,24161.2447265625,23915.681192537468,61.42857142857143,54.64566847363284,58.62895576740676,24161.2447265625,24078.324921875,24209.57117895023,24171.865758561522,-0.0009034196213342227,-0.09034196213342227,0.0
